INSERT INTO `user_data` (`userID`, `userPassword`, `userType`, `userName`) VALUES (102, '60d0a989d4ef441bce5b', 'Standard', 'kilback.hilario');
INSERT INTO `user_data` (`userID`, `userPassword`, `userType`, `userName`) VALUES (103, '38ada3188b4f45ee572a', 'Admin', 'schimmel.emie');
INSERT INTO `user_data` (`userID`, `userPassword`, `userType`, `userName`) VALUES (104, '88d3a872f7ae19ee3c9a', 'Standard', 'royce.daugherty');
INSERT INTO `user_data` (`userID`, `userPassword`, `userType`, `userName`) VALUES (105, '750650c0cbf19525dad2', 'Moderator', 'nadia07');
INSERT INTO `user_data` (`userID`, `userPassword`, `userType`, `userName`) VALUES (106, 'ef738629a5eb40e16b92', 'Standard', 'bayer.meggie');
INSERT INTO `user_data` (`userID`, `userPassword`, `userType`, `userName`) VALUES (107, '0130e4baaa8906c538d6', 'Standard', 'kessler.june');
INSERT INTO `user_data` (`userID`, `userPassword`, `userType`, `userName`) VALUES (108, '59f4ae9a8c07f8c37d9c', 'Moderator', 'abdullah.howe');
INSERT INTO `user_data` (`userID`, `userPassword`, `userType`, `userName`) VALUES (109, 'c6671c4d91c7b6f82ff3', 'Moderator', 'praynor');
INSERT INTO `user_data` (`userID`, `userPassword`, `userType`, `userName`) VALUES (110, '2a0cddb4426ac6c3c283', 'Admin', 'brenda.batz');
INSERT INTO `user_data` (`userID`, `userPassword`, `userType`, `userName`) VALUES (111, 'c60e597783d6b02f0f57', 'Admin', 'luis.bogan');

INSERT INTO `spell_table` (`spellID`, `spellName`, `spellLevel`, `spellRange`, `spellEffect`, `spellSchool`, `spellCreatorID`) VALUES (1, 'porro', 9, 67, 'Porro alias dolores voluptas aut molestiae et reiciendis.', 'Conjuration', 103);
INSERT INTO `spell_table` (`spellID`, `spellName`, `spellLevel`, `spellRange`, `spellEffect`, `spellSchool`, `spellCreatorID`) VALUES (2, 'impedit', 7, 72, 'Veritatis molestias fugiat mollitia distinctio atque sit.', 'Abjuration', 103);
INSERT INTO `spell_table` (`spellID`, `spellName`, `spellLevel`, `spellRange`, `spellEffect`, `spellSchool`, `spellCreatorID`) VALUES (3, 'ea', 5, 119, 'Illum deserunt molestiae neque quo est quia illum.', 'Divination', 110);
INSERT INTO `spell_table` (`spellID`, `spellName`, `spellLevel`, `spellRange`, `spellEffect`, `spellSchool`, `spellCreatorID`) VALUES (4, 'est', 4, 85, 'Esse ex quia non reprehenderit.', 'Enchantment', 103);
INSERT INTO `spell_table` (`spellID`, `spellName`, `spellLevel`, `spellRange`, `spellEffect`, `spellSchool`, `spellCreatorID`) VALUES (5, 'sit', 4, 22, 'Dolores est sequi perspiciatis aspernatur.', 'Divination', 105);
INSERT INTO `spell_table` (`spellID`, `spellName`, `spellLevel`, `spellRange`, `spellEffect`, `spellSchool`, `spellCreatorID`) VALUES (6, 'omnis', 8, 94, 'Dicta illum qui aut iusto distinctio quo magni.', 'Enchantment', 105);
INSERT INTO `spell_table` (`spellID`, `spellName`, `spellLevel`, `spellRange`, `spellEffect`, `spellSchool`, `spellCreatorID`) VALUES (7, 'qui', 2, 109, 'Est enim velit nihil in.', 'Conjuration', 111);
INSERT INTO `spell_table` (`spellID`, `spellName`, `spellLevel`, `spellRange`, `spellEffect`, `spellSchool`, `spellCreatorID`) VALUES (8, 'molestiae', 4, 59, 'Debitis ducimus ratione eos aliquam architecto eos amet.', 'Divination', 104);
INSERT INTO `spell_table` (`spellID`, `spellName`, `spellLevel`, `spellRange`, `spellEffect`, `spellSchool`, `spellCreatorID`) VALUES (9, 'eveniet', 2, 83, 'Recusandae facilis dicta deleniti quisquam voluptatum iste aut.', 'Abjuration', 110);
INSERT INTO `spell_table` (`spellID`, `spellName`, `spellLevel`, `spellRange`, `spellEffect`, `spellSchool`, `spellCreatorID`) VALUES (10, 'aut', 7, 24, 'Consequatur modi atque debitis possimus et dolores necessitatibus.', 'Divination', 107);
INSERT INTO `spell_table` (`spellID`, `spellName`, `spellLevel`, `spellRange`, `spellEffect`, `spellSchool`, `spellCreatorID`) VALUES (11, 'voluptates', 4, 85, 'Quis omnis sit molestias voluptas.', 'Abjuration', 109);
INSERT INTO `spell_table` (`spellID`, `spellName`, `spellLevel`, `spellRange`, `spellEffect`, `spellSchool`, `spellCreatorID`) VALUES (12, 'eum', 6, 57, 'Eos odio ad dolorum.', 'Enchantment', 109);
INSERT INTO `spell_table` (`spellID`, `spellName`, `spellLevel`, `spellRange`, `spellEffect`, `spellSchool`, `spellCreatorID`) VALUES (13, 'et', 2, 43, 'Aut blanditiis voluptates et.', 'Conjuration', 104);
INSERT INTO `spell_table` (`spellID`, `spellName`, `spellLevel`, `spellRange`, `spellEffect`, `spellSchool`, `spellCreatorID`) VALUES (14, 'molestiae', 4, 95, 'Dolores est fuga hic commodi qui aut sed.', 'Illusion', 102);
INSERT INTO `spell_table` (`spellID`, `spellName`, `spellLevel`, `spellRange`, `spellEffect`, `spellSchool`, `spellCreatorID`) VALUES (15, 'dolore', 8, 98, 'Illo et laborum labore aut qui.', 'Divination', 110);
INSERT INTO `spell_table` (`spellID`, `spellName`, `spellLevel`, `spellRange`, `spellEffect`, `spellSchool`, `spellCreatorID`) VALUES (16, 'vitae', 2, 35, 'Vel sit quod suscipit quae totam.', 'Necromancy', 107);
INSERT INTO `spell_table` (`spellID`, `spellName`, `spellLevel`, `spellRange`, `spellEffect`, `spellSchool`, `spellCreatorID`) VALUES (17, 'ea', 8, 106, 'Quas consequatur nulla vel consequuntur alias reprehenderit magnam.', 'Enchantment', 109);
INSERT INTO `spell_table` (`spellID`, `spellName`, `spellLevel`, `spellRange`, `spellEffect`, `spellSchool`, `spellCreatorID`) VALUES (18, 'maxime', 2, 84, 'Ipsa molestias reprehenderit reprehenderit culpa non voluptate ipsa fuga.', 'Divination', 103);
INSERT INTO `spell_table` (`spellID`, `spellName`, `spellLevel`, `spellRange`, `spellEffect`, `spellSchool`, `spellCreatorID`) VALUES (19, 'animi', 7, 79, 'Aut eos accusamus facilis eos.', 'Conjuration', 107);
INSERT INTO `spell_table` (`spellID`, `spellName`, `spellLevel`, `spellRange`, `spellEffect`, `spellSchool`, `spellCreatorID`) VALUES (20, 'nulla', 5, 102, 'Dicta quis quis quam rerum.', 'Illusion', 102);
INSERT INTO `spell_table` (`spellID`, `spellName`, `spellLevel`, `spellRange`, `spellEffect`, `spellSchool`, `spellCreatorID`) VALUES (21, 'nemo', 6, 94, 'Sunt adipisci nobis commodi quia rerum suscipit blanditiis.', 'Enchantment', 104);
INSERT INTO `spell_table` (`spellID`, `spellName`, `spellLevel`, `spellRange`, `spellEffect`, `spellSchool`, `spellCreatorID`) VALUES (22, 'cum', 9, 35, 'Velit numquam neque ipsam quam inventore et minima.', 'Abjuration', 110);
INSERT INTO `spell_table` (`spellID`, `spellName`, `spellLevel`, `spellRange`, `spellEffect`, `spellSchool`, `spellCreatorID`) VALUES (23, 'nesciunt', 9, 73, 'Voluptatum qui necessitatibus ut qui quaerat id tempore.', 'Illusion', 107);
INSERT INTO `spell_table` (`spellID`, `spellName`, `spellLevel`, `spellRange`, `spellEffect`, `spellSchool`, `spellCreatorID`) VALUES (24, 'rem', 7, 100, 'Nam ut reprehenderit accusamus sed ratione consequuntur.', 'Conjuration', 111);
INSERT INTO `spell_table` (`spellID`, `spellName`, `spellLevel`, `spellRange`, `spellEffect`, `spellSchool`, `spellCreatorID`) VALUES (25, 'iste', 3, 17, 'Laudantium distinctio est nihil ut quibusdam commodi ut in.', 'Illusion', 106);

INSERT INTO `saved_items` (`itemID`, `itemName`, `itemDescription`, `itemType`, `itemRarity`, `itemCostNum`, `itemCostType`, `itemAttuned`, `userID`) VALUES (101, 'consequuntur', 'Eveniet consequatur cupiditate beatae error ab voluptatem aut. Enim deleniti velit ea provident laboriosam sapiente nulla accusantium. Dicta perferendis optio maxime alias rerum. Porro quis ullam soluta ea sit velit ut.', 'Scroll', 'Legendary', 4, 'Gold', 'False', 108);
INSERT INTO `saved_items` (`itemID`, `itemName`, `itemDescription`, `itemType`, `itemRarity`, `itemCostNum`, `itemCostType`, `itemAttuned`, `userID`) VALUES (102, 'eos', 'Explicabo quibusdam quia quisquam quos nostrum. Amet ab saepe tempora qui esse ex. Est voluptatem eius dolorum.', 'Weapon', 'Very Rare', 4, 'Platinum', 'False', 103);
INSERT INTO `saved_items` (`itemID`, `itemName`, `itemDescription`, `itemType`, `itemRarity`, `itemCostNum`, `itemCostType`, `itemAttuned`, `userID`) VALUES (103, 'ut', 'Eum quam et natus nesciunt exercitationem ullam dolorem. Nihil doloribus ut exercitationem quisquam sit error. Nesciunt sunt et incidunt cupiditate quia.', 'Ring', 'Uncommon', 2, 'Silver', 'True', 110);
INSERT INTO `saved_items` (`itemID`, `itemName`, `itemDescription`, `itemType`, `itemRarity`, `itemCostNum`, `itemCostType`, `itemAttuned`, `userID`) VALUES (104, 'rerum', 'Qui non molestiae est libero vel quia necessitatibus. Non iusto tempora temporibus. Saepe nostrum odio voluptatem amet. Illo rerum aliquam voluptas aut est voluptatibus ullam.', 'Ring', 'Rare', 8, 'Electrum', 'True', 105);
INSERT INTO `saved_items` (`itemID`, `itemName`, `itemDescription`, `itemType`, `itemRarity`, `itemCostNum`, `itemCostType`, `itemAttuned`, `userID`) VALUES (105, 'odio', 'Consequatur eum officia qui ratione eum velit. Nobis non qui nam rerum quos unde. Eligendi ducimus dolores qui velit. Pariatur quia et libero ut nesciunt.', 'Potion', 'Very Rare', 7, 'Copper', 'False', 106);
INSERT INTO `saved_items` (`itemID`, `itemName`, `itemDescription`, `itemType`, `itemRarity`, `itemCostNum`, `itemCostType`, `itemAttuned`, `userID`) VALUES (106, 'dolorem', 'Voluptatem rerum optio ut est suscipit nostrum. Id sit nemo dignissimos numquam nostrum.', 'Rod', 'Uncommon', 6, 'Silver', 'True', 106);
INSERT INTO `saved_items` (`itemID`, `itemName`, `itemDescription`, `itemType`, `itemRarity`, `itemCostNum`, `itemCostType`, `itemAttuned`, `userID`) VALUES (107, 'facilis', 'Et aliquid dignissimos voluptates ut dolorem. Et nesciunt illum sunt aperiam modi. Et voluptas error quo facere voluptate expedita.', 'Weapon', 'Common', 5, 'Gold', 'False', 108);
INSERT INTO `saved_items` (`itemID`, `itemName`, `itemDescription`, `itemType`, `itemRarity`, `itemCostNum`, `itemCostType`, `itemAttuned`, `userID`) VALUES (108, 'voluptas', 'Dolores nesciunt quidem earum. Dolores est in earum ad quo dolor omnis.', 'Scroll', 'Very Rare', 6, 'Copper', 'False', 107);
INSERT INTO `saved_items` (`itemID`, `itemName`, `itemDescription`, `itemType`, `itemRarity`, `itemCostNum`, `itemCostType`, `itemAttuned`, `userID`) VALUES (109, 'optio', 'Reiciendis libero velit voluptates facilis quo delectus. Debitis laudantium pariatur harum voluptatum quia ipsam. Est accusamus dolores quo quaerat minus quam quia. Voluptatem omnis laudantium nihil nulla porro iusto doloremque voluptas.', 'Ring', 'Legendary', 4, 'Platinum', 'True', 107);
INSERT INTO `saved_items` (`itemID`, `itemName`, `itemDescription`, `itemType`, `itemRarity`, `itemCostNum`, `itemCostType`, `itemAttuned`, `userID`) VALUES (110, 'corrupti', 'Illum sunt et sit labore minus. Recusandae non eum harum veniam non. Id nemo rem id necessitatibus ad aut. Consequatur est aut accusantium delectus amet. Pariatur inventore id quia qui autem consequatur voluptates voluptatibus.', 'Wand', 'Rare', 5, 'Electrum', 'True', 105);
INSERT INTO `saved_items` (`itemID`, `itemName`, `itemDescription`, `itemType`, `itemRarity`, `itemCostNum`, `itemCostType`, `itemAttuned`, `userID`) VALUES (111, 'voluptas', 'Aperiam ad eveniet beatae corporis. Iure qui rem culpa eos.', 'Rod', 'Legendary', 6, 'Electrum', 'False', 109);
INSERT INTO `saved_items` (`itemID`, `itemName`, `itemDescription`, `itemType`, `itemRarity`, `itemCostNum`, `itemCostType`, `itemAttuned`, `userID`) VALUES (112, 'cumque', 'Eligendi omnis facere beatae rem in. Et aut sed dolores et culpa quidem in. Beatae aut perspiciatis repudiandae et quam magni.', 'Weapon', 'Legendary', 9, 'Silver', 'False', 110);
INSERT INTO `saved_items` (`itemID`, `itemName`, `itemDescription`, `itemType`, `itemRarity`, `itemCostNum`, `itemCostType`, `itemAttuned`, `userID`) VALUES (113, 'sit', 'Qui atque dolorem non et sequi qui qui. Ipsam qui in fugiat facere. Et totam deleniti eveniet at incidunt quo porro.', 'Armor', 'Legendary', 8, 'Platinum', 'True', 107);
INSERT INTO `saved_items` (`itemID`, `itemName`, `itemDescription`, `itemType`, `itemRarity`, `itemCostNum`, `itemCostType`, `itemAttuned`, `userID`) VALUES (114, 'cum', 'Ea vel quaerat neque vero rem repellat sit. Asperiores recusandae dolorem facilis iste.', 'Wand', 'Very Rare', 8, 'Gold', 'False', 105);
INSERT INTO `saved_items` (`itemID`, `itemName`, `itemDescription`, `itemType`, `itemRarity`, `itemCostNum`, `itemCostType`, `itemAttuned`, `userID`) VALUES (115, 'placeat', 'Qui cupiditate fugit velit numquam est beatae ut. Distinctio error autem dolorem voluptas.', 'Rod', 'Common', 8, 'Electrum', 'False', 106);
INSERT INTO `saved_items` (`itemID`, `itemName`, `itemDescription`, `itemType`, `itemRarity`, `itemCostNum`, `itemCostType`, `itemAttuned`, `userID`) VALUES (116, 'reiciendis', 'Consequatur maiores et alias pariatur ut excepturi. Autem quibusdam quisquam similique quia asperiores animi hic.', 'Wondrous Item', 'Uncommon', 3, 'Silver', 'False', 107);
INSERT INTO `saved_items` (`itemID`, `itemName`, `itemDescription`, `itemType`, `itemRarity`, `itemCostNum`, `itemCostType`, `itemAttuned`, `userID`) VALUES (117, 'ut', 'Tenetur nostrum error facilis ut voluptas. Et cupiditate velit sit eveniet nostrum necessitatibus mollitia.', 'Wondrous Item', 'Rare', 1, 'Electrum', 'False', 105);
INSERT INTO `saved_items` (`itemID`, `itemName`, `itemDescription`, `itemType`, `itemRarity`, `itemCostNum`, `itemCostType`, `itemAttuned`, `userID`) VALUES (118, 'vitae', 'Iste ea placeat ducimus culpa quibusdam odio. Cumque eos ut officia sit aut explicabo consequuntur. Voluptas illo reprehenderit et sunt voluptates veritatis. Repudiandae sed quidem velit delectus placeat.', 'Ring', 'Uncommon', 9, 'Electrum', 'True', 106);
INSERT INTO `saved_items` (`itemID`, `itemName`, `itemDescription`, `itemType`, `itemRarity`, `itemCostNum`, `itemCostType`, `itemAttuned`, `userID`) VALUES (119, 'quas', 'Sint eos porro facilis. Quas dolor et omnis reprehenderit iste. Enim omnis qui voluptas sit distinctio qui. Nostrum et aspernatur rerum aspernatur maxime.', 'Wondrous Item', 'Legendary', 8, 'Copper', 'True', 111);
INSERT INTO `saved_items` (`itemID`, `itemName`, `itemDescription`, `itemType`, `itemRarity`, `itemCostNum`, `itemCostType`, `itemAttuned`, `userID`) VALUES (120, 'sit', 'Tempora error quia expedita earum. Ut cum eum blanditiis consequuntur et fuga. Qui est amet qui et sed culpa enim quis. Nisi omnis quam similique rem.', 'Wand', 'Uncommon', 9, 'Platinum', 'True', 110);

INSERT INTO `character_basics` (`characterID`, `characterIDuser`, `characterName`, `characterLevel`, `characterRace`, `characterClass`, `characterAC`, `characterProficiencyMod`, `characterHP`) VALUES (101, 108, 'alias', '2', 'omnis', 'sit', 0, 1, 3);
INSERT INTO `character_basics` (`characterID`, `characterIDuser`, `characterName`, `characterLevel`, `characterRace`, `characterClass`, `characterAC`, `characterProficiencyMod`, `characterHP`) VALUES (102, 107, 'omnis', '19', 'mollitia', 'qui', 0, 3, 4);
INSERT INTO `character_basics` (`characterID`, `characterIDuser`, `characterName`, `characterLevel`, `characterRace`, `characterClass`, `characterAC`, `characterProficiencyMod`, `characterHP`) VALUES (103, 106, 'totam', '5', 'voluptatem', 'labore', 1, 9, 8);
INSERT INTO `character_basics` (`characterID`, `characterIDuser`, `characterName`, `characterLevel`, `characterRace`, `characterClass`, `characterAC`, `characterProficiencyMod`, `characterHP`) VALUES (104, 110, 'et', '18', 'voluptate', 'nisi', 4, 4, 1);
INSERT INTO `character_basics` (`characterID`, `characterIDuser`, `characterName`, `characterLevel`, `characterRace`, `characterClass`, `characterAC`, `characterProficiencyMod`, `characterHP`) VALUES (105, 110, 'at', '1', 'natus', 'tenetur', 5, 7, 4);
INSERT INTO `character_basics` (`characterID`, `characterIDuser`, `characterName`, `characterLevel`, `characterRace`, `characterClass`, `characterAC`, `characterProficiencyMod`, `characterHP`) VALUES (106, 104, 'officia', '17', 'et', 'molestiae', 3, 3, 9);
INSERT INTO `character_basics` (`characterID`, `characterIDuser`, `characterName`, `characterLevel`, `characterRace`, `characterClass`, `characterAC`, `characterProficiencyMod`, `characterHP`) VALUES (107, 111, 'omnis', '2', 'maiores', 'ut', 5, 2, 8);
INSERT INTO `character_basics` (`characterID`, `characterIDuser`, `characterName`, `characterLevel`, `characterRace`, `characterClass`, `characterAC`, `characterProficiencyMod`, `characterHP`) VALUES (108, 105, 'sed', '3', 'dolore', 'nihil', 9, 5, 9);
INSERT INTO `character_basics` (`characterID`, `characterIDuser`, `characterName`, `characterLevel`, `characterRace`, `characterClass`, `characterAC`, `characterProficiencyMod`, `characterHP`) VALUES (109, 107, 'molestias', '17', 'laboriosam', 'quo', 9, 1, 4);
INSERT INTO `character_basics` (`characterID`, `characterIDuser`, `characterName`, `characterLevel`, `characterRace`, `characterClass`, `characterAC`, `characterProficiencyMod`, `characterHP`) VALUES (110, 106, 'accusamus', '2', 'iusto', 'et', 7, 3, 3);
INSERT INTO `character_basics` (`characterID`, `characterIDuser`, `characterName`, `characterLevel`, `characterRace`, `characterClass`, `characterAC`, `characterProficiencyMod`, `characterHP`) VALUES (111, 109, 'nisi', '10', 'deserunt', 'suscipit', 2, 8, 9);
INSERT INTO `character_basics` (`characterID`, `characterIDuser`, `characterName`, `characterLevel`, `characterRace`, `characterClass`, `characterAC`, `characterProficiencyMod`, `characterHP`) VALUES (112, 108, 'necessitatibus', '4', 'facere', 'omnis', 8, 0, 0);
INSERT INTO `character_basics` (`characterID`, `characterIDuser`, `characterName`, `characterLevel`, `characterRace`, `characterClass`, `characterAC`, `characterProficiencyMod`, `characterHP`) VALUES (113, 110, 'quo', '14', 'quis', 'et', 5, 7, 1);
INSERT INTO `character_basics` (`characterID`, `characterIDuser`, `characterName`, `characterLevel`, `characterRace`, `characterClass`, `characterAC`, `characterProficiencyMod`, `characterHP`) VALUES (114, 102, 'tempora', '10', 'expedita', 'sed', 0, 7, 3);
INSERT INTO `character_basics` (`characterID`, `characterIDuser`, `characterName`, `characterLevel`, `characterRace`, `characterClass`, `characterAC`, `characterProficiencyMod`, `characterHP`) VALUES (115, 107, 'aliquam', '13', 'quibusdam', 'et', 1, 4, 0);

INSERT INTO `character_armor` (`characterArmorID`, `characterIDarmor`, `armorName`, `armorDescription`) VALUES (101, 106, 'provident', 'Sequi id quo sunt officiis voluptatem. At inventore libero accusantium magni. Dolores vitae qui quo ');
INSERT INTO `character_armor` (`characterArmorID`, `characterIDarmor`, `armorName`, `armorDescription`) VALUES (102, 113, 'perspiciatis', 'Fugiat debitis odio officiis omnis et rerum. Numquam veritatis reprehenderit aut qui et dolore et. V');
INSERT INTO `character_armor` (`characterArmorID`, `characterIDarmor`, `armorName`, `armorDescription`) VALUES (103, 111, 'eaque', 'Consequuntur cumque ut sit laborum ratione hic. Quo modi dolorem enim sint excepturi ab quibusdam. E');
INSERT INTO `character_armor` (`characterArmorID`, `characterIDarmor`, `armorName`, `armorDescription`) VALUES (104, 105, 'occaecati', 'Harum voluptas eius odio consequuntur quidem. Et aut voluptas et quas aut. Qui ea sit itaque volupta');
INSERT INTO `character_armor` (`characterArmorID`, `characterIDarmor`, `armorName`, `armorDescription`) VALUES (105, 108, 'ratione', 'Minima reiciendis sequi vero aliquid excepturi nobis ut. Placeat eligendi tempora architecto natus d');
INSERT INTO `character_armor` (`characterArmorID`, `characterIDarmor`, `armorName`, `armorDescription`) VALUES (106, 112, 'iste', 'Consectetur dolor voluptas eos et dolorem unde perferendis. Magni voluptas nihil quis impedit illum.');
INSERT INTO `character_armor` (`characterArmorID`, `characterIDarmor`, `armorName`, `armorDescription`) VALUES (107, 105, 'et', 'Voluptatum impedit aut quibusdam facilis sapiente voluptate ipsam. Vel minima facilis tempora facere');
INSERT INTO `character_armor` (`characterArmorID`, `characterIDarmor`, `armorName`, `armorDescription`) VALUES (108, 113, 'et', 'Qui rerum explicabo et occaecati reiciendis natus. Repellendus excepturi labore enim error.');
INSERT INTO `character_armor` (`characterArmorID`, `characterIDarmor`, `armorName`, `armorDescription`) VALUES (109, 102, 'neque', 'Est saepe soluta totam quibusdam. Dignissimos dicta et est qui ut id dolorum sint. Aut laboriosam ab');
INSERT INTO `character_armor` (`characterArmorID`, `characterIDarmor`, `armorName`, `armorDescription`) VALUES (110, 106, 'autem', 'Iste ducimus voluptatum debitis non possimus et in. Vitae sit sint quo nostrum. Maxime aut qui aut o');


INSERT INTO `character_inventory` (`characterInventoryID`, `characterIDinv`, `inventoryItemName`, `inventoryItemDescription`, `inventoryItemQuantity`) VALUES (101, 114, 'ea', 'Omnis deleniti fugit non quis officia facilis. Est similique voluptates autem dolorum. Consequuntur possimus quam consequatur ducimus. Dicta culpa eligendi qui.', 6);
INSERT INTO `character_inventory` (`characterInventoryID`, `characterIDinv`, `inventoryItemName`, `inventoryItemDescription`, `inventoryItemQuantity`) VALUES (102, 103, 'veniam', 'Eius necessitatibus ad optio. Corporis fuga ipsa excepturi aperiam. Soluta tempore sint nulla neque excepturi.', 2);
INSERT INTO `character_inventory` (`characterInventoryID`, `characterIDinv`, `inventoryItemName`, `inventoryItemDescription`, `inventoryItemQuantity`) VALUES (103, 103, 'libero', 'Maiores tenetur ducimus nihil facere ullam similique. Suscipit sint et vel. Aut quaerat nam repellat consequuntur. Dolor sint est et vitae et voluptatem exercitationem.', 4);
INSERT INTO `character_inventory` (`characterInventoryID`, `characterIDinv`, `inventoryItemName`, `inventoryItemDescription`, `inventoryItemQuantity`) VALUES (104, 107, 'omnis', 'Error inventore ea vitae. Ipsa molestias expedita pariatur tempore qui. Aut repellendus vel harum exercitationem et.', 7);
INSERT INTO `character_inventory` (`characterInventoryID`, `characterIDinv`, `inventoryItemName`, `inventoryItemDescription`, `inventoryItemQuantity`) VALUES (105, 102, 'in', 'Quae unde maxime est cupiditate nisi autem. Non cum quam consequatur enim rerum. Et est incidunt velit cum ut.', 6);
INSERT INTO `character_inventory` (`characterInventoryID`, `characterIDinv`, `inventoryItemName`, `inventoryItemDescription`, `inventoryItemQuantity`) VALUES (106, 104, 'sit', 'Eos quia quia odio. Aut iste officiis asperiores et totam eaque ipsam error. Reprehenderit debitis quia provident.', 8);
INSERT INTO `character_inventory` (`characterInventoryID`, `characterIDinv`, `inventoryItemName`, `inventoryItemDescription`, `inventoryItemQuantity`) VALUES (107, 110, 'nam', 'Voluptatem libero unde eos ut tempora quod molestiae. Error aut ut eius ipsam. In earum saepe laboriosam suscipit laboriosam ipsam.', 1);
INSERT INTO `character_inventory` (`characterInventoryID`, `characterIDinv`, `inventoryItemName`, `inventoryItemDescription`, `inventoryItemQuantity`) VALUES (108, 102, 'eius', 'Et odit porro saepe eos laborum nemo. Quidem sit assumenda saepe cupiditate alias. Necessitatibus sed minima et officia enim ipsa. Commodi veniam officiis aut sapiente molestias in recusandae.', 9);
INSERT INTO `character_inventory` (`characterInventoryID`, `characterIDinv`, `inventoryItemName`, `inventoryItemDescription`, `inventoryItemQuantity`) VALUES (109, 110, 'et', 'Sunt soluta rerum dolores quod. At nesciunt eum impedit. Ratione ipsa quia molestiae. Omnis eveniet rem sed neque dolores.', 3);
INSERT INTO `character_inventory` (`characterInventoryID`, `characterIDinv`, `inventoryItemName`, `inventoryItemDescription`, `inventoryItemQuantity`) VALUES (110, 106, 'est', 'Eveniet eum et error. Odit qui veniam sit. Aut et repudiandae voluptatum rerum aut. Rerum eligendi ullam consequuntur eligendi ratione.', 4);
INSERT INTO `character_inventory` (`characterInventoryID`, `characterIDinv`, `inventoryItemName`, `inventoryItemDescription`, `inventoryItemQuantity`) VALUES (111, 112, 'ducimus', 'Dicta minima aliquam eius ullam et. Et suscipit totam exercitationem voluptas. Et et id reiciendis qui.', 0);
INSERT INTO `character_inventory` (`characterInventoryID`, `characterIDinv`, `inventoryItemName`, `inventoryItemDescription`, `inventoryItemQuantity`) VALUES (112, 113, 'deleniti', 'Vero eum fugiat earum beatae. Laudantium a molestiae et quae aut aut itaque. Cumque sed eaque iusto labore magni. Praesentium quia est consequatur voluptates eos.', 8);
INSERT INTO `character_inventory` (`characterInventoryID`, `characterIDinv`, `inventoryItemName`, `inventoryItemDescription`, `inventoryItemQuantity`) VALUES (113, 102, 'sed', 'Voluptatem ipsa ad ea est dignissimos. Ipsa aliquam ut dolor cumque voluptas. Sit dolor provident voluptatum et qui nihil veritatis odio.', 8);
INSERT INTO `character_inventory` (`characterInventoryID`, `characterIDinv`, `inventoryItemName`, `inventoryItemDescription`, `inventoryItemQuantity`) VALUES (114, 113, 'excepturi', 'Blanditiis aperiam reiciendis laborum voluptatum. Ipsum quo doloremque optio et reprehenderit maiores. Nesciunt nihil fugiat quo.', 7);
INSERT INTO `character_inventory` (`characterInventoryID`, `characterIDinv`, `inventoryItemName`, `inventoryItemDescription`, `inventoryItemQuantity`) VALUES (115, 101, 'ut', 'Quidem sit harum autem illo facilis placeat aut ipsa. Animi aut eligendi quisquam placeat ut non quo voluptatum. Quo labore exercitationem quidem molestiae.', 6);
INSERT INTO `character_inventory` (`characterInventoryID`, `characterIDinv`, `inventoryItemName`, `inventoryItemDescription`, `inventoryItemQuantity`) VALUES (116, 105, 'quaerat', 'Aut itaque qui provident veritatis inventore tempora aut. Et quidem suscipit veniam exercitationem. Et voluptatibus perferendis doloribus maxime.', 2);
INSERT INTO `character_inventory` (`characterInventoryID`, `characterIDinv`, `inventoryItemName`, `inventoryItemDescription`, `inventoryItemQuantity`) VALUES (117, 115, 'repellendus', 'Facere ab rerum non assumenda. Veritatis commodi ipsum corrupti omnis consectetur. Unde autem delectus reiciendis id numquam facere quia. Explicabo suscipit eaque laboriosam. Placeat explicabo molesti', 8);
INSERT INTO `character_inventory` (`characterInventoryID`, `characterIDinv`, `inventoryItemName`, `inventoryItemDescription`, `inventoryItemQuantity`) VALUES (118, 110, 'praesentium', 'Necessitatibus sunt corporis deleniti. Doloremque ut omnis ea. Asperiores vel quos provident est vero delectus maiores.', 1);
INSERT INTO `character_inventory` (`characterInventoryID`, `characterIDinv`, `inventoryItemName`, `inventoryItemDescription`, `inventoryItemQuantity`) VALUES (119, 105, 'ducimus', 'Odit inventore cupiditate dolores deleniti. Provident accusamus voluptas sequi autem assumenda dignissimos deserunt nostrum. Sint dolores aperiam ut quis.', 4);
INSERT INTO `character_inventory` (`characterInventoryID`, `characterIDinv`, `inventoryItemName`, `inventoryItemDescription`, `inventoryItemQuantity`) VALUES (120, 103, 'in', 'Quibusdam harum laboriosam nihil aut sed. Aspernatur animi porro fugit non repellat error ad. Facere quo dolores quia voluptatem eaque fugit.', 9);
INSERT INTO `character_inventory` (`characterInventoryID`, `characterIDinv`, `inventoryItemName`, `inventoryItemDescription`, `inventoryItemQuantity`) VALUES (121, 109, 'iste', 'Optio consequatur deserunt consequuntur explicabo enim sit odit. Consequatur recusandae fugiat earum sed libero et dolor. Ratione cum quas ex ut libero est. Et facere quod eum cupiditate fugiat at.', 7);
INSERT INTO `character_inventory` (`characterInventoryID`, `characterIDinv`, `inventoryItemName`, `inventoryItemDescription`, `inventoryItemQuantity`) VALUES (122, 108, 'nihil', 'Vero deleniti enim itaque eos ut quis aut. Quia nihil ut error non autem. Eum iusto nulla aliquid et. Rerum voluptatem asperiores tempora est.', 0);
INSERT INTO `character_inventory` (`characterInventoryID`, `characterIDinv`, `inventoryItemName`, `inventoryItemDescription`, `inventoryItemQuantity`) VALUES (123, 105, 'qui', 'Assumenda consequatur voluptatibus quia omnis. Esse animi non est id provident architecto. Vel ut delectus culpa neque.', 2);
INSERT INTO `character_inventory` (`characterInventoryID`, `characterIDinv`, `inventoryItemName`, `inventoryItemDescription`, `inventoryItemQuantity`) VALUES (124, 103, 'ut', 'Deserunt asperiores aut voluptatem voluptatem est consectetur. Minus ut sequi quasi veniam ab sint. Labore pariatur cupiditate aliquid soluta.', 6);
INSERT INTO `character_inventory` (`characterInventoryID`, `characterIDinv`, `inventoryItemName`, `inventoryItemDescription`, `inventoryItemQuantity`) VALUES (125, 103, 'natus', 'Dolores aut voluptatem reiciendis ut aliquam fuga. Asperiores mollitia neque veniam consequatur voluptatum. Modi dignissimos inventore omnis mollitia.', 8);
INSERT INTO `character_inventory` (`characterInventoryID`, `characterIDinv`, `inventoryItemName`, `inventoryItemDescription`, `inventoryItemQuantity`) VALUES (126, 107, 'mollitia', 'Velit excepturi dolorem vel quos eum. Et vel magni voluptatum ea quae. Dignissimos ratione atque odio animi est.', 5);
INSERT INTO `character_inventory` (`characterInventoryID`, `characterIDinv`, `inventoryItemName`, `inventoryItemDescription`, `inventoryItemQuantity`) VALUES (127, 109, 'nihil', 'Exercitationem suscipit magni aut porro corporis quam. Minus aliquid est et aut consequatur necessitatibus. Et ex numquam repellat temporibus consequatur quasi qui neque. Reprehenderit minus minus vel', 2);
INSERT INTO `character_inventory` (`characterInventoryID`, `characterIDinv`, `inventoryItemName`, `inventoryItemDescription`, `inventoryItemQuantity`) VALUES (128, 104, 'doloribus', 'In aperiam animi perferendis unde voluptas. Nobis similique illum culpa quia consequatur similique assumenda. Beatae in autem ex sit at labore. Et voluptas commodi aliquid deleniti.', 6);
INSERT INTO `character_inventory` (`characterInventoryID`, `characterIDinv`, `inventoryItemName`, `inventoryItemDescription`, `inventoryItemQuantity`) VALUES (129, 103, 'et', 'Vel sed ut quas quis necessitatibus delectus. Ut quo consequatur quod enim voluptas aut dolor. Aliquid sunt vero nulla placeat qui.', 0);
INSERT INTO `character_inventory` (`characterInventoryID`, `characterIDinv`, `inventoryItemName`, `inventoryItemDescription`, `inventoryItemQuantity`) VALUES (130, 114, 'consequatur', 'Eaque ab animi quae cum aut pariatur possimus. Quasi tenetur cumque accusamus incidunt. Occaecati et aperiam voluptatibus porro.', 9);

INSERT INTO `character_languages` (`characterLanguageID`, `characterIDLang`, `languageName`) VALUES (101, 102, 'incidunt');
INSERT INTO `character_languages` (`characterLanguageID`, `characterIDLang`, `languageName`) VALUES (102, 114, 'possimus');
INSERT INTO `character_languages` (`characterLanguageID`, `characterIDLang`, `languageName`) VALUES (103, 104, 'quaerat');
INSERT INTO `character_languages` (`characterLanguageID`, `characterIDLang`, `languageName`) VALUES (104, 101, 'voluptates');
INSERT INTO `character_languages` (`characterLanguageID`, `characterIDLang`, `languageName`) VALUES (105, 113, 'numquam');
INSERT INTO `character_languages` (`characterLanguageID`, `characterIDLang`, `languageName`) VALUES (106, 106, 'neque');
INSERT INTO `character_languages` (`characterLanguageID`, `characterIDLang`, `languageName`) VALUES (107, 115, 'totam');
INSERT INTO `character_languages` (`characterLanguageID`, `characterIDLang`, `languageName`) VALUES (108, 114, 'non');
INSERT INTO `character_languages` (`characterLanguageID`, `characterIDLang`, `languageName`) VALUES (109, 114, 'deserunt');
INSERT INTO `character_languages` (`characterLanguageID`, `characterIDLang`, `languageName`) VALUES (110, 110, 'blanditiis');
INSERT INTO `character_languages` (`characterLanguageID`, `characterIDLang`, `languageName`) VALUES (111, 103, 'dolores');
INSERT INTO `character_languages` (`characterLanguageID`, `characterIDLang`, `languageName`) VALUES (112, 111, 'non');
INSERT INTO `character_languages` (`characterLanguageID`, `characterIDLang`, `languageName`) VALUES (113, 102, 'est');
INSERT INTO `character_languages` (`characterLanguageID`, `characterIDLang`, `languageName`) VALUES (114, 106, 'voluptas');
INSERT INTO `character_languages` (`characterLanguageID`, `characterIDLang`, `languageName`) VALUES (115, 112, 'aspernatur');
INSERT INTO `character_languages` (`characterLanguageID`, `characterIDLang`, `languageName`) VALUES (116, 113, 'itaque');
INSERT INTO `character_languages` (`characterLanguageID`, `characterIDLang`, `languageName`) VALUES (117, 111, 'consequuntur');
INSERT INTO `character_languages` (`characterLanguageID`, `characterIDLang`, `languageName`) VALUES (118, 103, 'ut');
INSERT INTO `character_languages` (`characterLanguageID`, `characterIDLang`, `languageName`) VALUES (119, 114, 'sit');
INSERT INTO `character_languages` (`characterLanguageID`, `characterIDLang`, `languageName`) VALUES (120, 103, 'laudantium');
INSERT INTO `character_languages` (`characterLanguageID`, `characterIDLang`, `languageName`) VALUES (121, 110, 'error');
INSERT INTO `character_languages` (`characterLanguageID`, `characterIDLang`, `languageName`) VALUES (122, 107, 'nihil');
INSERT INTO `character_languages` (`characterLanguageID`, `characterIDLang`, `languageName`) VALUES (123, 113, 'omnis');
INSERT INTO `character_languages` (`characterLanguageID`, `characterIDLang`, `languageName`) VALUES (124, 107, 'sint');
INSERT INTO `character_languages` (`characterLanguageID`, `characterIDLang`, `languageName`) VALUES (125, 108, 'quis');
INSERT INTO `character_languages` (`characterLanguageID`, `characterIDLang`, `languageName`) VALUES (126, 112, 'in');
INSERT INTO `character_languages` (`characterLanguageID`, `characterIDLang`, `languageName`) VALUES (127, 108, 'tempore');
INSERT INTO `character_languages` (`characterLanguageID`, `characterIDLang`, `languageName`) VALUES (128, 107, 'consectetur');
INSERT INTO `character_languages` (`characterLanguageID`, `characterIDLang`, `languageName`) VALUES (129, 102, 'veniam');
INSERT INTO `character_languages` (`characterLanguageID`, `characterIDLang`, `languageName`) VALUES (130, 113, 'commodi');
INSERT INTO `character_languages` (`characterLanguageID`, `characterIDLang`, `languageName`) VALUES (131, 103, 'vero');
INSERT INTO `character_languages` (`characterLanguageID`, `characterIDLang`, `languageName`) VALUES (132, 109, 'voluptate');
INSERT INTO `character_languages` (`characterLanguageID`, `characterIDLang`, `languageName`) VALUES (133, 107, 'odit');
INSERT INTO `character_languages` (`characterLanguageID`, `characterIDLang`, `languageName`) VALUES (134, 103, 'eos');
INSERT INTO `character_languages` (`characterLanguageID`, `characterIDLang`, `languageName`) VALUES (135, 112, 'aspernatur');
INSERT INTO `character_languages` (`characterLanguageID`, `characterIDLang`, `languageName`) VALUES (136, 113, 'esse');
INSERT INTO `character_languages` (`characterLanguageID`, `characterIDLang`, `languageName`) VALUES (137, 102, 'ullam');
INSERT INTO `character_languages` (`characterLanguageID`, `characterIDLang`, `languageName`) VALUES (138, 102, 'quibusdam');
INSERT INTO `character_languages` (`characterLanguageID`, `characterIDLang`, `languageName`) VALUES (139, 101, 'voluptas');
INSERT INTO `character_languages` (`characterLanguageID`, `characterIDLang`, `languageName`) VALUES (140, 108, 'qui');
INSERT INTO `character_languages` (`characterLanguageID`, `characterIDLang`, `languageName`) VALUES (141, 102, 'expedita');
INSERT INTO `character_languages` (`characterLanguageID`, `characterIDLang`, `languageName`) VALUES (142, 110, 'nesciunt');
INSERT INTO `character_languages` (`characterLanguageID`, `characterIDLang`, `languageName`) VALUES (143, 115, 'est');
INSERT INTO `character_languages` (`characterLanguageID`, `characterIDLang`, `languageName`) VALUES (144, 113, 'totam');
INSERT INTO `character_languages` (`characterLanguageID`, `characterIDLang`, `languageName`) VALUES (145, 110, 'consequatur');
INSERT INTO `character_languages` (`characterLanguageID`, `characterIDLang`, `languageName`) VALUES (146, 104, 'aut');
INSERT INTO `character_languages` (`characterLanguageID`, `characterIDLang`, `languageName`) VALUES (147, 113, 'rem');
INSERT INTO `character_languages` (`characterLanguageID`, `characterIDLang`, `languageName`) VALUES (148, 115, 'rerum');
INSERT INTO `character_languages` (`characterLanguageID`, `characterIDLang`, `languageName`) VALUES (149, 112, 'enim');
INSERT INTO `character_languages` (`characterLanguageID`, `characterIDLang`, `languageName`) VALUES (150, 115, 'est');

INSERT INTO `character_proficiencies` (`characterProficiencyID`, `characterIDprof`, `proficiencyName`, `proficiencyStatus`, `proficiencyTotal`) VALUES (220, 109, 'Intimidation', 'Proficient', 9);
INSERT INTO `character_proficiencies` (`characterProficiencyID`, `characterIDprof`, `proficiencyName`, `proficiencyStatus`, `proficiencyTotal`) VALUES (221, 103, 'Perception', 'Expertise', 6);
INSERT INTO `character_proficiencies` (`characterProficiencyID`, `characterIDprof`, `proficiencyName`, `proficiencyStatus`, `proficiencyTotal`) VALUES (223, 105, 'Performance', 'Not Proficient', 6);
INSERT INTO `character_proficiencies` (`characterProficiencyID`, `characterIDprof`, `proficiencyName`, `proficiencyStatus`, `proficiencyTotal`) VALUES (224, 102, 'Nature', 'Expertise', 9);
INSERT INTO `character_proficiencies` (`characterProficiencyID`, `characterIDprof`, `proficiencyName`, `proficiencyStatus`, `proficiencyTotal`) VALUES (225, 106, 'Acrobatics', 'Expertise', 1);
INSERT INTO `character_proficiencies` (`characterProficiencyID`, `characterIDprof`, `proficiencyName`, `proficiencyStatus`, `proficiencyTotal`) VALUES (226, 115, 'Sleight of Hand', 'Not Proficient', 3);
INSERT INTO `character_proficiencies` (`characterProficiencyID`, `characterIDprof`, `proficiencyName`, `proficiencyStatus`, `proficiencyTotal`) VALUES (227, 101, 'Acrobatics', 'Proficient', 6);
INSERT INTO `character_proficiencies` (`characterProficiencyID`, `characterIDprof`, `proficiencyName`, `proficiencyStatus`, `proficiencyTotal`) VALUES (231, 114, 'Acrobatics', 'Not Proficient', 2);
INSERT INTO `character_proficiencies` (`characterProficiencyID`, `characterIDprof`, `proficiencyName`, `proficiencyStatus`, `proficiencyTotal`) VALUES (232, 111, 'Insight', 'Proficient', 1);
INSERT INTO `character_proficiencies` (`characterProficiencyID`, `characterIDprof`, `proficiencyName`, `proficiencyStatus`, `proficiencyTotal`) VALUES (237, 107, 'Athletics', 'Not Proficient', 9);
INSERT INTO `character_proficiencies` (`characterProficiencyID`, `characterIDprof`, `proficiencyName`, `proficiencyStatus`, `proficiencyTotal`) VALUES (238, 113, 'Arcana', 'Proficient', 8);
INSERT INTO `character_proficiencies` (`characterProficiencyID`, `characterIDprof`, `proficiencyName`, `proficiencyStatus`, `proficiencyTotal`) VALUES (239, 108, 'Performance', 'Not Proficient', 8);

INSERT INTO `character_spells` (`characterSpellID`, `characterIDspell`, `spellName`, `spellListID`) VALUES (136, 111, 'repudiandae', 22);
INSERT INTO `character_spells` (`characterSpellID`, `characterIDspell`, `spellName`, `spellListID`) VALUES (137, 115, 'error', 15);
INSERT INTO `character_spells` (`characterSpellID`, `characterIDspell`, `spellName`, `spellListID`) VALUES (138, 104, 'aliquid', 7);
INSERT INTO `character_spells` (`characterSpellID`, `characterIDspell`, `spellName`, `spellListID`) VALUES (139, 111, 'voluptatem', 11);
INSERT INTO `character_spells` (`characterSpellID`, `characterIDspell`, `spellName`, `spellListID`) VALUES (140, 110, 'cum', 10);
INSERT INTO `character_spells` (`characterSpellID`, `characterIDspell`, `spellName`, `spellListID`) VALUES (141, 104, 'deserunt', 19);
INSERT INTO `character_spells` (`characterSpellID`, `characterIDspell`, `spellName`, `spellListID`) VALUES (142, 109, 'quod', 5);
INSERT INTO `character_spells` (`characterSpellID`, `characterIDspell`, `spellName`, `spellListID`) VALUES (144, 109, 'eveniet', 21);
INSERT INTO `character_spells` (`characterSpellID`, `characterIDspell`, `spellName`, `spellListID`) VALUES (146, 104, 'est', 3);
INSERT INTO `character_spells` (`characterSpellID`, `characterIDspell`, `spellName`, `spellListID`) VALUES (147, 114, 'iure', 23);
INSERT INTO `character_spells` (`characterSpellID`, `characterIDspell`, `spellName`, `spellListID`) VALUES (148, 102, 'deserunt', 17);
INSERT INTO `character_spells` (`characterSpellID`, `characterIDspell`, `spellName`, `spellListID`) VALUES (151, 101, 'dignissimos', 12);
INSERT INTO `character_spells` (`characterSpellID`, `characterIDspell`, `spellName`, `spellListID`) VALUES (152, 107, 'ipsum', 14);
INSERT INTO `character_spells` (`characterSpellID`, `characterIDspell`, `spellName`, `spellListID`) VALUES (154, 104, 'non', 16);
INSERT INTO `character_spells` (`characterSpellID`, `characterIDspell`, `spellName`, `spellListID`) VALUES (155, 110, 'aut', 4);
INSERT INTO `character_spells` (`characterSpellID`, `characterIDspell`, `spellName`, `spellListID`) VALUES (157, 104, 'dolor', 25);
INSERT INTO `character_spells` (`characterSpellID`, `characterIDspell`, `spellName`, `spellListID`) VALUES (159, 106, 'placeat', 20);
INSERT INTO `character_spells` (`characterSpellID`, `characterIDspell`, `spellName`, `spellListID`) VALUES (160, 101, 'et', 24);
INSERT INTO `character_spells` (`characterSpellID`, `characterIDspell`, `spellName`, `spellListID`) VALUES (161, 115, 'harum', 18);
INSERT INTO `character_spells` (`characterSpellID`, `characterIDspell`, `spellName`, `spellListID`) VALUES (162, 106, 'ut', 8);
INSERT INTO `character_spells` (`characterSpellID`, `characterIDspell`, `spellName`, `spellListID`) VALUES (164, 103, 'earum', 2);
INSERT INTO `character_spells` (`characterSpellID`, `characterIDspell`, `spellName`, `spellListID`) VALUES (167, 102, 'sit', 9);
INSERT INTO `character_spells` (`characterSpellID`, `characterIDspell`, `spellName`, `spellListID`) VALUES (168, 109, 'non', 13);

INSERT INTO `character_spellslots` (`characterSlotID`, `characterIDspells`, `spellAttackModifier`, `spellSaveDC`, `spellSlotAvailable`, `spellSlotLevel`) VALUES (226, 106, 6, 3, 0, 6);
INSERT INTO `character_spellslots` (`characterSlotID`, `characterIDspells`, `spellAttackModifier`, `spellSaveDC`, `spellSlotAvailable`, `spellSlotLevel`) VALUES (227, 113, 8, 2, 3, 4);
INSERT INTO `character_spellslots` (`characterSlotID`, `characterIDspells`, `spellAttackModifier`, `spellSaveDC`, `spellSlotAvailable`, `spellSlotLevel`) VALUES (228, 107, 0, 6, 7, 1);
INSERT INTO `character_spellslots` (`characterSlotID`, `characterIDspells`, `spellAttackModifier`, `spellSaveDC`, `spellSlotAvailable`, `spellSlotLevel`) VALUES (229, 114, 6, 3, 2, 1);
INSERT INTO `character_spellslots` (`characterSlotID`, `characterIDspells`, `spellAttackModifier`, `spellSaveDC`, `spellSlotAvailable`, `spellSlotLevel`) VALUES (230, 105, 7, 1, 3, 3);
INSERT INTO `character_spellslots` (`characterSlotID`, `characterIDspells`, `spellAttackModifier`, `spellSaveDC`, `spellSlotAvailable`, `spellSlotLevel`) VALUES (234, 104, 7, 4, 2, 9);
INSERT INTO `character_spellslots` (`characterSlotID`, `characterIDspells`, `spellAttackModifier`, `spellSaveDC`, `spellSlotAvailable`, `spellSlotLevel`) VALUES (238, 112, 8, 6, 9, 3);
INSERT INTO `character_spellslots` (`characterSlotID`, `characterIDspells`, `spellAttackModifier`, `spellSaveDC`, `spellSlotAvailable`, `spellSlotLevel`) VALUES (239, 111, 7, 4, 6, 8);
INSERT INTO `character_spellslots` (`characterSlotID`, `characterIDspells`, `spellAttackModifier`, `spellSaveDC`, `spellSlotAvailable`, `spellSlotLevel`) VALUES (241, 108, 3, 1, 2, 7);
INSERT INTO `character_spellslots` (`characterSlotID`, `characterIDspells`, `spellAttackModifier`, `spellSaveDC`, `spellSlotAvailable`, `spellSlotLevel`) VALUES (243, 109, 5, 9, 1, 0);
INSERT INTO `character_spellslots` (`characterSlotID`, `characterIDspells`, `spellAttackModifier`, `spellSaveDC`, `spellSlotAvailable`, `spellSlotLevel`) VALUES (244, 110, 8, 3, 9, 9);


INSERT INTO `character_stats` (`characterStatKey`, `characterID`, `characterSTR`, `characterSTRSave`, `characterDEX`, `characterDEXSave`, `characterCON`, `characterCONSave`, `characterINT`, `characterINTSave`, `characterWIS`, `characterWISSave`, `characterCHA`, `characterCHASave`) VALUES (101, 108, 20, 'Yes', 14, 'No', 15, 'Yes', 19, 'No', 17, 'Yes', 13, 'No');
INSERT INTO `character_stats` (`characterStatKey`, `characterID`, `characterSTR`, `characterSTRSave`, `characterDEX`, `characterDEXSave`, `characterCON`, `characterCONSave`, `characterINT`, `characterINTSave`, `characterWIS`, `characterWISSave`, `characterCHA`, `characterCHASave`) VALUES (102, 103, 18, 'No', 13, 'No', 13, 'Yes', 11, 'Yes', 13, 'No', 16, 'Yes');
INSERT INTO `character_stats` (`characterStatKey`, `characterID`, `characterSTR`, `characterSTRSave`, `characterDEX`, `characterDEXSave`, `characterCON`, `characterCONSave`, `characterINT`, `characterINTSave`, `characterWIS`, `characterWISSave`, `characterCHA`, `characterCHASave`) VALUES (103, 114, 10, 'Yes', 12, 'No', 16, 'Yes', 16, 'No', 18, 'Yes', 18, 'Yes');
INSERT INTO `character_stats` (`characterStatKey`, `characterID`, `characterSTR`, `characterSTRSave`, `characterDEX`, `characterDEXSave`, `characterCON`, `characterCONSave`, `characterINT`, `characterINTSave`, `characterWIS`, `characterWISSave`, `characterCHA`, `characterCHASave`) VALUES (104, 104, 20, 'No', 14, 'No', 18, 'No', 17, 'No', 10, 'No', 15, 'Yes');
INSERT INTO `character_stats` (`characterStatKey`, `characterID`, `characterSTR`, `characterSTRSave`, `characterDEX`, `characterDEXSave`, `characterCON`, `characterCONSave`, `characterINT`, `characterINTSave`, `characterWIS`, `characterWISSave`, `characterCHA`, `characterCHASave`) VALUES (105, 112, 13, 'No', 14, 'Yes', 15, 'Yes', 11, 'No', 19, 'No', 17, 'No');
INSERT INTO `character_stats` (`characterStatKey`, `characterID`, `characterSTR`, `characterSTRSave`, `characterDEX`, `characterDEXSave`, `characterCON`, `characterCONSave`, `characterINT`, `characterINTSave`, `characterWIS`, `characterWISSave`, `characterCHA`, `characterCHASave`) VALUES (106, 103, 11, 'Yes', 13, 'Yes', 19, 'No', 20, 'Yes', 14, 'No', 14, 'No');
INSERT INTO `character_stats` (`characterStatKey`, `characterID`, `characterSTR`, `characterSTRSave`, `characterDEX`, `characterDEXSave`, `characterCON`, `characterCONSave`, `characterINT`, `characterINTSave`, `characterWIS`, `characterWISSave`, `characterCHA`, `characterCHASave`) VALUES (107, 114, 11, 'No', 10, 'Yes', 13, 'No', 19, 'No', 16, 'No', 18, 'Yes');
INSERT INTO `character_stats` (`characterStatKey`, `characterID`, `characterSTR`, `characterSTRSave`, `characterDEX`, `characterDEXSave`, `characterCON`, `characterCONSave`, `characterINT`, `characterINTSave`, `characterWIS`, `characterWISSave`, `characterCHA`, `characterCHASave`) VALUES (108, 113, 19, 'No', 10, 'Yes', 13, 'Yes', 14, 'No', 13, 'No', 20, 'Yes');
INSERT INTO `character_stats` (`characterStatKey`, `characterID`, `characterSTR`, `characterSTRSave`, `characterDEX`, `characterDEXSave`, `characterCON`, `characterCONSave`, `characterINT`, `characterINTSave`, `characterWIS`, `characterWISSave`, `characterCHA`, `characterCHASave`) VALUES (109, 111, 12, 'No', 18, 'Yes', 12, 'No', 15, 'Yes', 19, 'No', 13, 'No');
INSERT INTO `character_stats` (`characterStatKey`, `characterID`, `characterSTR`, `characterSTRSave`, `characterDEX`, `characterDEXSave`, `characterCON`, `characterCONSave`, `characterINT`, `characterINTSave`, `characterWIS`, `characterWISSave`, `characterCHA`, `characterCHASave`) VALUES (110, 103, 17, 'No', 11, 'No', 19, 'No', 13, 'Yes', 17, 'No', 13, 'Yes');
INSERT INTO `character_stats` (`characterStatKey`, `characterID`, `characterSTR`, `characterSTRSave`, `characterDEX`, `characterDEXSave`, `characterCON`, `characterCONSave`, `characterINT`, `characterINTSave`, `characterWIS`, `characterWISSave`, `characterCHA`, `characterCHASave`) VALUES (111, 111, 17, 'Yes', 14, 'No', 10, 'No', 17, 'Yes', 17, 'Yes', 18, 'Yes');
INSERT INTO `character_stats` (`characterStatKey`, `characterID`, `characterSTR`, `characterSTRSave`, `characterDEX`, `characterDEXSave`, `characterCON`, `characterCONSave`, `characterINT`, `characterINTSave`, `characterWIS`, `characterWISSave`, `characterCHA`, `characterCHASave`) VALUES (112, 113, 20, 'Yes', 20, 'Yes', 13, 'No', 15, 'No', 10, 'No', 12, 'No');
INSERT INTO `character_stats` (`characterStatKey`, `characterID`, `characterSTR`, `characterSTRSave`, `characterDEX`, `characterDEXSave`, `characterCON`, `characterCONSave`, `characterINT`, `characterINTSave`, `characterWIS`, `characterWISSave`, `characterCHA`, `characterCHASave`) VALUES (113, 115, 19, 'No', 19, 'No', 19, 'Yes', 20, 'No', 10, 'No', 16, 'No');
INSERT INTO `character_stats` (`characterStatKey`, `characterID`, `characterSTR`, `characterSTRSave`, `characterDEX`, `characterDEXSave`, `characterCON`, `characterCONSave`, `characterINT`, `characterINTSave`, `characterWIS`, `characterWISSave`, `characterCHA`, `characterCHASave`) VALUES (114, 107, 12, 'No', 20, 'No', 16, 'Yes', 12, 'No', 10, 'No', 12, 'No');
INSERT INTO `character_stats` (`characterStatKey`, `characterID`, `characterSTR`, `characterSTRSave`, `characterDEX`, `characterDEXSave`, `characterCON`, `characterCONSave`, `characterINT`, `characterINTSave`, `characterWIS`, `characterWISSave`, `characterCHA`, `characterCHASave`) VALUES (115, 112, 15, 'Yes', 10, 'No', 10, 'Yes', 16, 'Yes', 15, 'Yes', 11, 'No');
INSERT INTO `character_stats` (`characterStatKey`, `characterID`, `characterSTR`, `characterSTRSave`, `characterDEX`, `characterDEXSave`, `characterCON`, `characterCONSave`, `characterINT`, `characterINTSave`, `characterWIS`, `characterWISSave`, `characterCHA`, `characterCHASave`) VALUES (116, 109, 15, 'Yes', 19, 'Yes', 12, 'No', 16, 'Yes', 13, 'No', 18, 'No');
INSERT INTO `character_stats` (`characterStatKey`, `characterID`, `characterSTR`, `characterSTRSave`, `characterDEX`, `characterDEXSave`, `characterCON`, `characterCONSave`, `characterINT`, `characterINTSave`, `characterWIS`, `characterWISSave`, `characterCHA`, `characterCHASave`) VALUES (117, 110, 20, 'No', 19, 'No', 14, 'No', 20, 'No', 11, 'No', 19, 'Yes');
INSERT INTO `character_stats` (`characterStatKey`, `characterID`, `characterSTR`, `characterSTRSave`, `characterDEX`, `characterDEXSave`, `characterCON`, `characterCONSave`, `characterINT`, `characterINTSave`, `characterWIS`, `characterWISSave`, `characterCHA`, `characterCHASave`) VALUES (118, 109, 19, 'Yes', 13, 'No', 16, 'Yes', 14, 'No', 19, 'No', 12, 'No');
INSERT INTO `character_stats` (`characterStatKey`, `characterID`, `characterSTR`, `characterSTRSave`, `characterDEX`, `characterDEXSave`, `characterCON`, `characterCONSave`, `characterINT`, `characterINTSave`, `characterWIS`, `characterWISSave`, `characterCHA`, `characterCHASave`) VALUES (119, 104, 10, 'Yes', 16, 'No', 16, 'Yes', 16, 'Yes', 11, 'No', 18, 'Yes');
INSERT INTO `character_stats` (`characterStatKey`, `characterID`, `characterSTR`, `characterSTRSave`, `characterDEX`, `characterDEXSave`, `characterCON`, `characterCONSave`, `characterINT`, `characterINTSave`, `characterWIS`, `characterWISSave`, `characterCHA`, `characterCHASave`) VALUES (120, 102, 10, 'Yes', 13, 'Yes', 15, 'Yes', 18, 'No', 14, 'Yes', 14, 'Yes');
INSERT INTO `character_stats` (`characterStatKey`, `characterID`, `characterSTR`, `characterSTRSave`, `characterDEX`, `characterDEXSave`, `characterCON`, `characterCONSave`, `characterINT`, `characterINTSave`, `characterWIS`, `characterWISSave`, `characterCHA`, `characterCHASave`) VALUES (121, 113, 18, 'Yes', 19, 'Yes', 11, 'No', 16, 'No', 17, 'No', 13, 'No');
INSERT INTO `character_stats` (`characterStatKey`, `characterID`, `characterSTR`, `characterSTRSave`, `characterDEX`, `characterDEXSave`, `characterCON`, `characterCONSave`, `characterINT`, `characterINTSave`, `characterWIS`, `characterWISSave`, `characterCHA`, `characterCHASave`) VALUES (122, 113, 20, 'No', 14, 'No', 14, 'No', 19, 'No', 18, 'No', 16, 'Yes');
INSERT INTO `character_stats` (`characterStatKey`, `characterID`, `characterSTR`, `characterSTRSave`, `characterDEX`, `characterDEXSave`, `characterCON`, `characterCONSave`, `characterINT`, `characterINTSave`, `characterWIS`, `characterWISSave`, `characterCHA`, `characterCHASave`) VALUES (123, 108, 15, 'Yes', 17, 'No', 14, 'No', 12, 'No', 11, 'Yes', 10, 'Yes');
INSERT INTO `character_stats` (`characterStatKey`, `characterID`, `characterSTR`, `characterSTRSave`, `characterDEX`, `characterDEXSave`, `characterCON`, `characterCONSave`, `characterINT`, `characterINTSave`, `characterWIS`, `characterWISSave`, `characterCHA`, `characterCHASave`) VALUES (124, 115, 10, 'Yes', 19, 'Yes', 20, 'Yes', 14, 'No', 19, 'Yes', 17, 'No');
INSERT INTO `character_stats` (`characterStatKey`, `characterID`, `characterSTR`, `characterSTRSave`, `characterDEX`, `characterDEXSave`, `characterCON`, `characterCONSave`, `characterINT`, `characterINTSave`, `characterWIS`, `characterWISSave`, `characterCHA`, `characterCHASave`) VALUES (125, 115, 12, 'No', 12, 'Yes', 19, 'Yes', 11, 'Yes', 16, 'Yes', 18, 'No');
INSERT INTO `character_stats` (`characterStatKey`, `characterID`, `characterSTR`, `characterSTRSave`, `characterDEX`, `characterDEXSave`, `characterCON`, `characterCONSave`, `characterINT`, `characterINTSave`, `characterWIS`, `characterWISSave`, `characterCHA`, `characterCHASave`) VALUES (126, 106, 18, 'No', 14, 'No', 17, 'Yes', 13, 'Yes', 18, 'Yes', 20, 'No');
INSERT INTO `character_stats` (`characterStatKey`, `characterID`, `characterSTR`, `characterSTRSave`, `characterDEX`, `characterDEXSave`, `characterCON`, `characterCONSave`, `characterINT`, `characterINTSave`, `characterWIS`, `characterWISSave`, `characterCHA`, `characterCHASave`) VALUES (127, 112, 17, 'No', 11, 'No', 11, 'Yes', 19, 'No', 16, 'No', 12, 'No');
INSERT INTO `character_stats` (`characterStatKey`, `characterID`, `characterSTR`, `characterSTRSave`, `characterDEX`, `characterDEXSave`, `characterCON`, `characterCONSave`, `characterINT`, `characterINTSave`, `characterWIS`, `characterWISSave`, `characterCHA`, `characterCHASave`) VALUES (128, 112, 11, 'No', 11, 'Yes', 15, 'Yes', 17, 'Yes', 14, 'No', 12, 'No');
INSERT INTO `character_stats` (`characterStatKey`, `characterID`, `characterSTR`, `characterSTRSave`, `characterDEX`, `characterDEXSave`, `characterCON`, `characterCONSave`, `characterINT`, `characterINTSave`, `characterWIS`, `characterWISSave`, `characterCHA`, `characterCHASave`) VALUES (129, 115, 16, 'No', 12, 'No', 12, 'Yes', 17, 'Yes', 20, 'Yes', 12, 'No');
INSERT INTO `character_stats` (`characterStatKey`, `characterID`, `characterSTR`, `characterSTRSave`, `characterDEX`, `characterDEXSave`, `characterCON`, `characterCONSave`, `characterINT`, `characterINTSave`, `characterWIS`, `characterWISSave`, `characterCHA`, `characterCHASave`) VALUES (130, 103, 10, 'No', 15, 'No', 15, 'Yes', 10, 'No', 13, 'Yes', 12, 'Yes');
INSERT INTO `character_stats` (`characterStatKey`, `characterID`, `characterSTR`, `characterSTRSave`, `characterDEX`, `characterDEXSave`, `characterCON`, `characterCONSave`, `characterINT`, `characterINTSave`, `characterWIS`, `characterWISSave`, `characterCHA`, `characterCHASave`) VALUES (131, 113, 20, 'No', 19, 'Yes', 14, 'Yes', 18, 'No', 16, 'No', 18, 'Yes');
INSERT INTO `character_stats` (`characterStatKey`, `characterID`, `characterSTR`, `characterSTRSave`, `characterDEX`, `characterDEXSave`, `characterCON`, `characterCONSave`, `characterINT`, `characterINTSave`, `characterWIS`, `characterWISSave`, `characterCHA`, `characterCHASave`) VALUES (132, 114, 19, 'No', 13, 'Yes', 12, 'No', 15, 'Yes', 20, 'No', 14, 'No');
INSERT INTO `character_stats` (`characterStatKey`, `characterID`, `characterSTR`, `characterSTRSave`, `characterDEX`, `characterDEXSave`, `characterCON`, `characterCONSave`, `characterINT`, `characterINTSave`, `characterWIS`, `characterWISSave`, `characterCHA`, `characterCHASave`) VALUES (133, 111, 15, 'Yes', 16, 'Yes', 17, 'No', 20, 'No', 11, 'No', 17, 'Yes');
INSERT INTO `character_stats` (`characterStatKey`, `characterID`, `characterSTR`, `characterSTRSave`, `characterDEX`, `characterDEXSave`, `characterCON`, `characterCONSave`, `characterINT`, `characterINTSave`, `characterWIS`, `characterWISSave`, `characterCHA`, `characterCHASave`) VALUES (134, 104, 15, 'Yes', 16, 'No', 16, 'No', 10, 'No', 11, 'No', 19, 'Yes');
INSERT INTO `character_stats` (`characterStatKey`, `characterID`, `characterSTR`, `characterSTRSave`, `characterDEX`, `characterDEXSave`, `characterCON`, `characterCONSave`, `characterINT`, `characterINTSave`, `characterWIS`, `characterWISSave`, `characterCHA`, `characterCHASave`) VALUES (135, 111, 17, 'Yes', 19, 'No', 17, 'Yes', 15, 'Yes', 20, 'No', 12, 'No');


INSERT INTO `character_tools` (`characterToolID`, `characterIDTool`, `toolName`, `toolDescription`) VALUES (101, 105, 'non', 'Sapiente suscipit sint ratione tenetur eos est eum. Omnis et nulla quis quia possimus sit quia possimus. Unde dolorum fugit alias et repudiandae volup');
INSERT INTO `character_tools` (`characterToolID`, `characterIDTool`, `toolName`, `toolDescription`) VALUES (102, 104, 'architecto', 'Similique minus corporis earum. Necessitatibus beatae eaque temporibus qui id laudantium harum. Et cupiditate qui inventore ea impedit quia.');
INSERT INTO `character_tools` (`characterToolID`, `characterIDTool`, `toolName`, `toolDescription`) VALUES (103, 111, 'sed', 'Est deleniti eaque ea cum eveniet pariatur quia quod. Assumenda praesentium hic at dolorem. Veniam qui molestias quo nemo necessitatibus qui sunt. Tem');
INSERT INTO `character_tools` (`characterToolID`, `characterIDTool`, `toolName`, `toolDescription`) VALUES (104, 110, 'consequatur', 'Esse similique ea dolorum illum. Harum cupiditate eum odio tenetur et officia error officia. Minima quasi quia molestiae dolorum ex. Libero blanditiis');
INSERT INTO `character_tools` (`characterToolID`, `characterIDTool`, `toolName`, `toolDescription`) VALUES (105, 110, 'non', 'Et porro eum iusto molestias minus. Consequatur magni et exercitationem fuga voluptas. Ex expedita aspernatur sit id molestias. Quo ipsa laboriosam no');
INSERT INTO `character_tools` (`characterToolID`, `characterIDTool`, `toolName`, `toolDescription`) VALUES (106, 105, 'sequi', 'Nulla consequatur non asperiores illo. Consequatur adipisci sint possimus sunt. Tempora eius ea ut voluptas dolore. Voluptatibus numquam adipisci erro');
INSERT INTO `character_tools` (`characterToolID`, `characterIDTool`, `toolName`, `toolDescription`) VALUES (107, 108, 'modi', 'Quo sit labore vero omnis quisquam excepturi odio. Dolore cupiditate veniam eius dolor vel.');
INSERT INTO `character_tools` (`characterToolID`, `characterIDTool`, `toolName`, `toolDescription`) VALUES (108, 114, 'et', 'Nesciunt ab doloremque impedit doloribus amet. Sed quas optio voluptatum est.');
INSERT INTO `character_tools` (`characterToolID`, `characterIDTool`, `toolName`, `toolDescription`) VALUES (109, 104, 'ipsum', 'Quidem quidem et repudiandae similique et quidem sed. Et rerum placeat aut est dolorum eveniet quo.');
INSERT INTO `character_tools` (`characterToolID`, `characterIDTool`, `toolName`, `toolDescription`) VALUES (110, 111, 'et', 'Nulla rerum ut pariatur voluptatum. Et nihil blanditiis voluptatum vero quis impedit. Est quasi laboriosam laboriosam id fuga qui. Iste sed provident ');
INSERT INTO `character_tools` (`characterToolID`, `characterIDTool`, `toolName`, `toolDescription`) VALUES (111, 109, 'ipsa', 'Et voluptates et mollitia ea. Quam odio nesciunt est libero quam dolorem rerum. Odio et pariatur autem eos odio vero.');
INSERT INTO `character_tools` (`characterToolID`, `characterIDTool`, `toolName`, `toolDescription`) VALUES (112, 104, 'laborum', 'Non officiis ut sunt dolor est. Omnis nobis magnam recusandae facere in fugit. Et voluptatem ut deserunt non qui.');
INSERT INTO `character_tools` (`characterToolID`, `characterIDTool`, `toolName`, `toolDescription`) VALUES (113, 102, 'illum', 'Quia repellat id beatae sint. Sed impedit rerum incidunt iure magnam veniam distinctio. Enim necessitatibus repellendus nesciunt laborum eos sed eos. ');
INSERT INTO `character_tools` (`characterToolID`, `characterIDTool`, `toolName`, `toolDescription`) VALUES (114, 106, 'nihil', 'Odio excepturi eum ea aut impedit consequatur. Ratione ea quidem similique quaerat consectetur quae.');
INSERT INTO `character_tools` (`characterToolID`, `characterIDTool`, `toolName`, `toolDescription`) VALUES (115, 108, 'id', 'Voluptas suscipit sed rem voluptatum iure porro officia fuga. Recusandae voluptatum officia sed quod maiores. Sit quasi sit soluta consequuntur rerum ');
INSERT INTO `character_tools` (`characterToolID`, `characterIDTool`, `toolName`, `toolDescription`) VALUES (116, 109, 'totam', 'Qui consequatur iusto rem ullam ullam qui eos. Quas harum veniam culpa eveniet ut repudiandae iure. Totam ut qui et vel tenetur expedita in. Ab omnis ');
INSERT INTO `character_tools` (`characterToolID`, `characterIDTool`, `toolName`, `toolDescription`) VALUES (117, 107, 'et', 'Velit sed quo totam voluptatum qui. Fugiat quos ut qui ducimus et nisi. Voluptas in facilis hic voluptatum consequatur. Iusto doloremque qui maxime qu');
INSERT INTO `character_tools` (`characterToolID`, `characterIDTool`, `toolName`, `toolDescription`) VALUES (118, 107, 'et', 'Dolores ut dolorem sed. Et voluptate iure velit consequatur. Vel ea ut necessitatibus magni quam accusantium.');
INSERT INTO `character_tools` (`characterToolID`, `characterIDTool`, `toolName`, `toolDescription`) VALUES (119, 105, 'vitae', 'Dicta rerum quia consectetur doloremque vel rerum ducimus. Aperiam earum eos alias quos. Odit neque id maiores. Quia pariatur accusamus aut odit. Non ');
INSERT INTO `character_tools` (`characterToolID`, `characterIDTool`, `toolName`, `toolDescription`) VALUES (120, 108, 'minima', 'Aut voluptatem eum officia quod. Officiis sed aut assumenda cumque debitis labore magni. Velit animi magni consequatur. In et enim et quibusdam neque ');
INSERT INTO `character_tools` (`characterToolID`, `characterIDTool`, `toolName`, `toolDescription`) VALUES (121, 105, 'quia', 'Ut et excepturi ducimus numquam ullam ipsa. Magni laudantium reiciendis consequatur fugit. Qui minima est modi sequi sunt atque accusamus. Eos veritat');
INSERT INTO `character_tools` (`characterToolID`, `characterIDTool`, `toolName`, `toolDescription`) VALUES (122, 104, 'aut', 'Alias excepturi consequatur quaerat optio et. Laborum unde assumenda placeat excepturi esse. Provident dolorem voluptas placeat itaque sunt voluptas. ');
INSERT INTO `character_tools` (`characterToolID`, `characterIDTool`, `toolName`, `toolDescription`) VALUES (123, 105, 'autem', 'Sint eaque eius rem iusto atque eius. Laboriosam minima aut voluptas dolorem est esse veritatis. Quas culpa at consequatur dolorem ut. Sunt nam sunt q');
INSERT INTO `character_tools` (`characterToolID`, `characterIDTool`, `toolName`, `toolDescription`) VALUES (124, 104, 'voluptatem', 'Quaerat ut exercitationem nihil enim. Modi voluptas officia nobis dolor cumque provident. Voluptatibus nemo deleniti pariatur in tempora. Neque dolor ');
INSERT INTO `character_tools` (`characterToolID`, `characterIDTool`, `toolName`, `toolDescription`) VALUES (125, 105, 'recusandae', 'Iusto sit nobis ipsam voluptates. Sunt est in earum excepturi consequatur earum. Error vero itaque quo dolores quis dignissimos consequatur.');

INSERT INTO `character_weapons` (`weaponID`, `characterIDweapon`, `weaponName`, `weaponAttackBonus`, `weaponDamage`, `weaponDescription`, `weaponRange`) VALUES (101, 107, 'autem', 6, '7', 'Enim earum nesciunt quidem. Non id quia aut pariatur nam. Quia dicta qui est et minus sunt. Dignissimos facilis velit repellat commodi quis commodi.', 9);
INSERT INTO `character_weapons` (`weaponID`, `characterIDweapon`, `weaponName`, `weaponAttackBonus`, `weaponDamage`, `weaponDescription`, `weaponRange`) VALUES (102, 101, 'cum', 4, '9', 'Dolores omnis et aut aliquid magni eveniet nisi. Vel adipisci nemo explicabo dolores ut. Ipsum et iste nulla quo optio occaecati.', 10);
INSERT INTO `character_weapons` (`weaponID`, `characterIDweapon`, `weaponName`, `weaponAttackBonus`, `weaponDamage`, `weaponDescription`, `weaponRange`) VALUES (103, 107, 'ut', 8, '206710', 'Et laboriosam temporibus voluptatem et fugiat corrupti. Doloremque sequi labore libero soluta officia. Dolor ducimus ut natus. Corrupti velit suscipit fuga qui necessitatibus.', 9);
INSERT INTO `character_weapons` (`weaponID`, `characterIDweapon`, `weaponName`, `weaponAttackBonus`, `weaponDamage`, `weaponDescription`, `weaponRange`) VALUES (104, 110, 'quia', 8, '8638', 'Non omnis est ea optio mollitia voluptatum culpa. Repellendus dolorem omnis cumque tempora. Id autem voluptas ipsam sint quibusdam.', 9);
INSERT INTO `character_weapons` (`weaponID`, `characterIDweapon`, `weaponName`, `weaponAttackBonus`, `weaponDamage`, `weaponDescription`, `weaponRange`) VALUES (105, 113, 'ducimus', 0, '8', 'Sequi nemo aut illo ut similique. Aspernatur aut provident molestiae et quis. Earum sunt cumque nulla vero quo molestias harum.', 8);
INSERT INTO `character_weapons` (`weaponID`, `characterIDweapon`, `weaponName`, `weaponAttackBonus`, `weaponDamage`, `weaponDescription`, `weaponRange`) VALUES (106, 114, 'perferendis', 0, '565', 'Animi totam magni illum dicta esse dolores. Nesciunt et quia incidunt et. Id magni tempora soluta natus iure labore. Sint et delectus perferendis adipisci doloribus rem.', 7);
INSERT INTO `character_weapons` (`weaponID`, `characterIDweapon`, `weaponName`, `weaponAttackBonus`, `weaponDamage`, `weaponDescription`, `weaponRange`) VALUES (107, 115, 'distinctio', 7, '990517', 'Odio ab in dolor. Veritatis ipsa vel sint quisquam quos. Error molestiae sunt quas non.', 8);
INSERT INTO `character_weapons` (`weaponID`, `characterIDweapon`, `weaponName`, `weaponAttackBonus`, `weaponDamage`, `weaponDescription`, `weaponRange`) VALUES (108, 106, 'ea', 4, '7', 'Quos tempore aut adipisci ipsum eos rerum et. Voluptate doloremque facere mollitia maiores dolore corporis eos. Error et omnis error possimus nostrum.', 10);
INSERT INTO `character_weapons` (`weaponID`, `characterIDweapon`, `weaponName`, `weaponAttackBonus`, `weaponDamage`, `weaponDescription`, `weaponRange`) VALUES (109, 102, 'architecto', 1, '883', 'Ipsum excepturi nihil itaque consequuntur temporibus. Ea similique distinctio omnis aut rerum dignissimos autem. Consectetur possimus temporibus fugiat ut repudiandae dolore laudantium.', 8);
INSERT INTO `character_weapons` (`weaponID`, `characterIDweapon`, `weaponName`, `weaponAttackBonus`, `weaponDamage`, `weaponDescription`, `weaponRange`) VALUES (110, 111, 'ipsum', 0, '1', 'Consequatur nostrum deleniti in praesentium mollitia. Tempora nisi dolorum unde aut dolores molestias eaque. Ut cumque dolorem sed eos. Cumque totam minima placeat ipsum hic.', 5);
INSERT INTO `character_weapons` (`weaponID`, `characterIDweapon`, `weaponName`, `weaponAttackBonus`, `weaponDamage`, `weaponDescription`, `weaponRange`) VALUES (111, 110, 'maiores', 8, '', 'Accusamus deleniti ducimus dolore illo illo est molestiae nihil. Officia beatae vel error iure eum.', 5);
INSERT INTO `character_weapons` (`weaponID`, `characterIDweapon`, `weaponName`, `weaponAttackBonus`, `weaponDamage`, `weaponDescription`, `weaponRange`) VALUES (112, 111, 'reprehenderit', 8, '12200', 'Vero aliquid doloremque aliquam excepturi nostrum ducimus et sed. Velit dolore sed est est dolores.', 6);
INSERT INTO `character_weapons` (`weaponID`, `characterIDweapon`, `weaponName`, `weaponAttackBonus`, `weaponDamage`, `weaponDescription`, `weaponRange`) VALUES (113, 112, 'voluptas', 6, '51419299', 'Sit hic placeat quia. Tenetur ut numquam animi repudiandae sed doloremque cum. Amet odio doloremque aspernatur earum molestiae error aut maxime.', 5);
INSERT INTO `character_weapons` (`weaponID`, `characterIDweapon`, `weaponName`, `weaponAttackBonus`, `weaponDamage`, `weaponDescription`, `weaponRange`) VALUES (114, 106, 'laborum', 0, '310', 'Sint reprehenderit quo sed et. Dolorem soluta animi omnis commodi. Provident et velit fugit blanditiis ea. Velit autem quo eos laudantium. Voluptatem error optio magnam itaque et ut quasi.', 6);
INSERT INTO `character_weapons` (`weaponID`, `characterIDweapon`, `weaponName`, `weaponAttackBonus`, `weaponDamage`, `weaponDescription`, `weaponRange`) VALUES (115, 103, 'dignissimos', 0, '8', 'Et iusto aut aliquam. Est commodi aut ullam tenetur omnis alias. Nihil rerum mollitia similique optio incidunt nisi. Et reprehenderit vel assumenda ea error aut at.', 9);
INSERT INTO `character_weapons` (`weaponID`, `characterIDweapon`, `weaponName`, `weaponAttackBonus`, `weaponDamage`, `weaponDescription`, `weaponRange`) VALUES (116, 115, 'voluptatem', 1, '93', 'Molestiae consequatur et perferendis voluptate quidem aspernatur. In non recusandae cupiditate nobis sint qui. Ab id sint neque quod sit. Accusamus tempora veritatis deserunt consequatur.', 7);
INSERT INTO `character_weapons` (`weaponID`, `characterIDweapon`, `weaponName`, `weaponAttackBonus`, `weaponDamage`, `weaponDescription`, `weaponRange`) VALUES (117, 115, 'aperiam', 6, '2730', 'Sint ut ratione nihil et. Et necessitatibus quo eius sed ea sunt sequi. Doloribus sint voluptatem fuga velit et est ut ipsum.', 9);
INSERT INTO `character_weapons` (`weaponID`, `characterIDweapon`, `weaponName`, `weaponAttackBonus`, `weaponDamage`, `weaponDescription`, `weaponRange`) VALUES (118, 109, 'ut', 4, '66282077', 'Praesentium veniam modi ut quibusdam enim. A quas at vel aliquid deserunt ea.', 10);
INSERT INTO `character_weapons` (`weaponID`, `characterIDweapon`, `weaponName`, `weaponAttackBonus`, `weaponDamage`, `weaponDescription`, `weaponRange`) VALUES (119, 113, 'id', 0, '5342', 'Est ut ipsa animi ut architecto rem. Et qui sunt cum autem et quas. Animi sit sunt necessitatibus molestiae quis excepturi.', 7);
INSERT INTO `character_weapons` (`weaponID`, `characterIDweapon`, `weaponName`, `weaponAttackBonus`, `weaponDamage`, `weaponDescription`, `weaponRange`) VALUES (120, 105, 'aperiam', 4, '1111046', 'Culpa asperiores hic id ipsam sunt ut doloribus quos. Dolore eos aliquam repellat dolor iure voluptas molestiae. Aut perferendis vero aspernatur eius reprehenderit harum.', 6);
INSERT INTO `character_weapons` (`weaponID`, `characterIDweapon`, `weaponName`, `weaponAttackBonus`, `weaponDamage`, `weaponDescription`, `weaponRange`) VALUES (121, 105, 'dolores', 2, '74', 'Quis et assumenda voluptas voluptatem ea. Rem est cupiditate aliquid placeat. Accusantium vitae doloremque excepturi exercitationem asperiores ipsam rerum. Quia culpa natus aut omnis voluptatum expedita.', 9);
INSERT INTO `character_weapons` (`weaponID`, `characterIDweapon`, `weaponName`, `weaponAttackBonus`, `weaponDamage`, `weaponDescription`, `weaponRange`) VALUES (122, 108, 'aspernatur', 1, '8198378', 'Tempore et sequi quia necessitatibus ipsum. Dolor aliquid consectetur quo aut placeat. Accusantium velit et consequatur laudantium. Sed et dolorum aut.', 8);
INSERT INTO `character_weapons` (`weaponID`, `characterIDweapon`, `weaponName`, `weaponAttackBonus`, `weaponDamage`, `weaponDescription`, `weaponRange`) VALUES (123, 101, 'quia', 7, '47177555', 'Voluptas veniam delectus aut. Nobis accusamus voluptas dolorem magni. Corrupti et sint aut. Occaecati vel fuga omnis totam.', 8);
INSERT INTO `character_weapons` (`weaponID`, `characterIDweapon`, `weaponName`, `weaponAttackBonus`, `weaponDamage`, `weaponDescription`, `weaponRange`) VALUES (124, 105, 'dignissimos', 0, '22138851', 'Eum consequatur non at sapiente ut. Ut animi et facilis possimus aut alias.', 8);
INSERT INTO `character_weapons` (`weaponID`, `characterIDweapon`, `weaponName`, `weaponAttackBonus`, `weaponDamage`, `weaponDescription`, `weaponRange`) VALUES (125, 107, 'voluptates', 2, '194579', 'Itaque velit sapiente eum ex. Quos at facilis eligendi provident. Inventore in est non eius sit beatae voluptate. Velit maiores sit deleniti laborum quam eaque error enim.', 9);
