CREATE DATABASE  IF NOT EXISTS `dnd_app_database` /*!40100 DEFAULT CHARACTER SET utf8mb4 COLLATE utf8mb4_0900_ai_ci */ /*!80016 DEFAULT ENCRYPTION='N' */;
USE `dnd_app_database`;
-- MySQL dump 10.13  Distrib 8.0.25, for Win64 (x86_64)
--
-- Host: localhost    Database: dnd_app_database
-- ------------------------------------------------------
-- Server version	8.0.36

/*!40101 SET @OLD_CHARACTER_SET_CLIENT=@@CHARACTER_SET_CLIENT */;
/*!40101 SET @OLD_CHARACTER_SET_RESULTS=@@CHARACTER_SET_RESULTS */;
/*!40101 SET @OLD_COLLATION_CONNECTION=@@COLLATION_CONNECTION */;
/*!50503 SET NAMES utf8 */;
/*!40103 SET @OLD_TIME_ZONE=@@TIME_ZONE */;
/*!40103 SET TIME_ZONE='+00:00' */;
/*!40014 SET @OLD_UNIQUE_CHECKS=@@UNIQUE_CHECKS, UNIQUE_CHECKS=0 */;
/*!40014 SET @OLD_FOREIGN_KEY_CHECKS=@@FOREIGN_KEY_CHECKS, FOREIGN_KEY_CHECKS=0 */;
/*!40101 SET @OLD_SQL_MODE=@@SQL_MODE, SQL_MODE='NO_AUTO_VALUE_ON_ZERO' */;
/*!40111 SET @OLD_SQL_NOTES=@@SQL_NOTES, SQL_NOTES=0 */;

--
-- Table structure for table `character_armor`
--

DROP TABLE IF EXISTS `character_armor`;
/*!40101 SET @saved_cs_client     = @@character_set_client */;
/*!50503 SET character_set_client = utf8mb4 */;
CREATE TABLE `character_armor` (
  `characterArmorID` int NOT NULL AUTO_INCREMENT,
  `characterIDarmor` int NOT NULL,
  `armorName` varchar(45) COLLATE utf8mb3_unicode_ci NOT NULL,
  `armorDescription` varchar(100) COLLATE utf8mb3_unicode_ci NOT NULL,
  PRIMARY KEY (`characterArmorID`),
  UNIQUE KEY `characterArmorID_UNIQUE` (`characterArmorID`),
  KEY `characterIDarmor_idx` (`characterIDarmor`),
  CONSTRAINT `characterIDarmor` FOREIGN KEY (`characterIDarmor`) REFERENCES `character_basics` (`characterID`)
) ENGINE=InnoDB AUTO_INCREMENT=101 DEFAULT CHARSET=utf8mb3 COLLATE=utf8mb3_unicode_ci;
/*!40101 SET character_set_client = @saved_cs_client */;

--
-- Dumping data for table `character_armor`
--

LOCK TABLES `character_armor` WRITE;
/*!40000 ALTER TABLE `character_armor` DISABLE KEYS */;
INSERT INTO `character_armor` VALUES (1,7,'accusamus','Assumenda ad saepe architecto laborum quasi eum inventore. Adipisci ut et et. In voluptates et volup'),(2,64,'modi','Quibusdam blanditiis ipsa quidem. Ut voluptates adipisci adipisci. Laboriosam numquam libero natus n'),(3,1,'similique','Delectus et beatae qui atque sequi id. Quam est architecto esse nam autem enim sunt ex. Exercitation'),(4,40,'nulla','Ut distinctio unde nostrum praesentium ut odit. Ipsam et labore quis ut et laboriosam illo magnam. T'),(5,95,'illo','Molestias sed et voluptatem aperiam in illo at. Tempora repellendus sapiente consequatur natus persp'),(6,67,'quia','Architecto et et atque excepturi. Minus non soluta et dolorem animi. Est ipsum nihil similique dolor'),(7,9,'voluptate','Quod ut rerum nihil ab. Esse et sit reprehenderit qui quibusdam cum praesentium.'),(8,93,'voluptatibus','Et officiis molestiae omnis sit aut totam non. Eaque qui fugiat alias tempora porro perspiciatis.'),(9,97,'vitae','Dolore qui minus est quisquam enim quo rem. In cumque eum dicta id et voluptatem consequuntur. Qui d'),(10,49,'veritatis','Aut dolores eius et consectetur iusto illo reiciendis. Saepe eos tempora consequatur expedita dolore'),(11,12,'incidunt','Est accusamus ut nostrum ad fugit accusantium perferendis. Culpa rem ab est dolor assumenda. Laudant'),(12,80,'rem','Fuga ab animi dolorum temporibus aliquam est. Error accusantium qui in unde consequuntur aut. Nihil '),(13,35,'natus','Expedita qui pariatur debitis qui. Aut quam sunt ut aut non qui possimus. Natus aut ab molestiae qui'),(14,61,'laudantium','Omnis quam dolorem voluptas incidunt atque maxime voluptatum. Laboriosam cumque est delectus alias e'),(15,97,'magnam','Repellat aperiam aut enim rerum tenetur. Voluptas expedita eos beatae qui. Sapiente corporis neque q'),(16,68,'adipisci','Sit quia eligendi distinctio mollitia rerum ex. Qui impedit expedita et beatae voluptates quod. Ipsa'),(17,76,'et','Et sint facilis in impedit sint pariatur eveniet. Et optio recusandae autem et dolores velit veritat'),(18,86,'perspiciatis','Voluptas consequuntur ea et et ea quidem. Et et sequi minus enim rerum libero et. Blanditiis quod cu'),(19,65,'eaque','Qui labore nemo culpa laudantium maiores. Odio quisquam perspiciatis tempore qui. Nostrum placeat qu'),(20,1,'error','Sit dolor molestiae corrupti eos aut voluptatibus sed. Et vel tenetur sint omnis rerum occaecati. Pr'),(21,98,'omnis','Laudantium et atque aut iure ut incidunt. Non animi optio vero quas nemo facere. Sit et ut alias fug'),(22,39,'recusandae','Aperiam sit vero qui ex. Molestiae omnis nihil ut sunt ut unde illum. Laudantium error commodi asper'),(23,44,'veniam','Eligendi natus et commodi beatae voluptas. Velit vero eaque qui ut deleniti quos praesentium dolorem'),(24,50,'aperiam','Ea exercitationem voluptates magni id. Veniam aut deserunt illo. Doloremque impedit necessitatibus a'),(25,76,'quis','Ratione a ipsum id error ullam ipsum qui quae. Rerum id vel voluptatibus nihil quibusdam. Doloribus '),(26,60,'libero','Nulla tenetur repudiandae illum omnis quos in quis. Praesentium odit commodi voluptas quod sed. Corp'),(27,78,'totam','Minima labore porro omnis voluptatem asperiores sunt voluptatem. Voluptates vero eius quibusdam enim'),(28,57,'qui','Amet occaecati assumenda explicabo sequi et fugiat dolore animi. Sequi quidem ratione est natus.'),(29,5,'quaerat','Dolor quo blanditiis ipsa aliquam nam. A tempore praesentium pariatur quidem. Eius quod amet aut dol'),(30,47,'maiores','Nostrum illo fuga aut. Quia minima ut vel ullam repudiandae animi. Veniam quae odio voluptatem tempo'),(31,97,'nostrum','Et voluptas mollitia voluptas voluptas harum dolor quis eaque. Dignissimos aliquam non magnam maiore'),(32,32,'voluptates','Qui ut atque totam beatae ut mollitia molestiae. Quisquam alias error deleniti voluptate voluptate r'),(33,28,'at','Doloremque dolore blanditiis at enim. Ducimus et perferendis non est iusto eligendi labore. Rem saep'),(34,58,'sequi','Consectetur ipsum et qui ipsam pariatur voluptas officiis. Sed eos possimus et consectetur aut conse'),(35,75,'qui','Sapiente ducimus sed voluptatem in perspiciatis. Et distinctio sequi qui distinctio. Modi temporibus'),(36,45,'saepe','Excepturi reprehenderit officia qui recusandae. Quia temporibus soluta fugiat vel magnam voluptate d'),(37,8,'voluptates','Eos nesciunt cumque quidem aut a omnis cumque. Eos maxime dolorem totam et deserunt accusamus. Omnis'),(38,67,'suscipit','Repellat ut sint omnis accusantium enim. Et illum delectus eos dolor beatae delectus totam. Quibusda'),(39,23,'dolores','Ea ex tenetur illo blanditiis. Et non et amet. Nisi quaerat omnis aspernatur omnis neque eum sed cor'),(40,75,'eveniet','Doloribus optio eos porro. Quibusdam tempora et dignissimos ea rerum excepturi qui. Amet omnis ea ne'),(41,66,'eaque','In quam consequatur ad est nostrum. Maiores qui voluptate qui delectus sint eum sequi. Autem reprehe'),(42,2,'sequi','Deleniti qui vel sit. Aut praesentium repellendus ipsa nam maxime. Iusto et distinctio ab et distinc'),(43,17,'assumenda','Natus quos et hic animi a incidunt mollitia dignissimos. Accusamus et illum inventore a. Eum nihil m'),(44,40,'maiores','Ducimus nulla tempore et molestiae mollitia ut aut. Consectetur suscipit qui quo sit exercitationem '),(45,52,'sunt','Vel sapiente consequuntur et quia officia. Possimus sed repudiandae est nihil dolore minima providen'),(46,36,'similique','Et inventore alias ab officiis dolorem aut. Exercitationem in maiores hic id ut. Vero est sit optio '),(47,97,'deserunt','Blanditiis cumque assumenda sit. Magni aut libero temporibus et vitae eius. Accusamus quos ab ut par'),(48,45,'nostrum','Delectus voluptas libero qui veritatis incidunt quos quam aperiam. Perspiciatis molestias nisi est e'),(49,99,'ea','Ab at ad in dolorem aut unde et. Aspernatur perspiciatis consectetur enim ducimus eaque corrupti. Di'),(50,67,'natus','Reprehenderit voluptas et velit sed ratione. Culpa esse id quo ab mollitia animi distinctio corrupti'),(51,69,'perspiciatis','Assumenda et ipsa ut minima sit voluptates maiores minima. Nobis omnis eveniet delectus. Dolor itaqu'),(52,44,'esse','Laborum ipsam dolorem debitis autem beatae qui culpa. Consequatur velit aut exercitationem corrupti.'),(53,23,'rem','Aliquam sint est ut officiis est qui. Assumenda perferendis voluptatem asperiores a et quo ut. Porro'),(54,51,'aut','Qui vitae quia voluptates facilis. Earum quidem rem nisi. Ut quisquam provident et voluptatem eius.'),(55,28,'repellendus','Ut ipsam dolorem enim voluptates. Accusamus dolores vel perferendis et aspernatur quis dolorum expli'),(56,66,'id','Modi corrupti minima velit labore molestiae. Numquam cumque neque repellendus aut sed dolore quaerat'),(57,5,'in','Consequuntur et atque reprehenderit praesentium exercitationem dolorem reprehenderit. Inventore dict'),(58,11,'laudantium','Hic doloremque dignissimos quo cumque. Exercitationem amet voluptatibus repudiandae neque alias in n'),(59,65,'impedit','Veritatis voluptas assumenda ea sit fugit voluptatem. Sunt dolor nobis aut neque rem expedita. Maior'),(60,93,'molestiae','Ut quia quia est magnam. Aut qui numquam illo laudantium at itaque. Et unde nam sint eligendi non mi'),(61,45,'aut','Expedita veritatis nemo enim illo aut nesciunt voluptates. Autem earum corrupti et sunt. Necessitati'),(62,12,'sequi','Quasi voluptates et placeat quis eveniet et. Beatae nostrum earum ad id amet porro. Est voluptatem e'),(63,93,'quos','Quaerat aperiam quaerat iure ut magni rerum dicta. Nobis laboriosam et iure qui. Officia et impedit '),(64,21,'facere','Nulla non culpa deleniti earum magni at laborum. In quod quisquam et et explicabo dolore. Sit et est'),(65,97,'corporis','Voluptas soluta deserunt molestiae et est facere voluptas. Consequatur nostrum adipisci tempora aute'),(66,26,'sed','Non atque quaerat sequi. Ex id rerum quas et error facere. Quaerat itaque illo sit quisquam nam non.'),(67,58,'tempore','Temporibus non quia quasi veniam. Adipisci quis qui et numquam. Harum distinctio quisquam earum et q'),(68,46,'maiores','Laborum possimus odit sunt qui qui earum. Rerum dicta id dolor qui maiores nulla quasi. Temporibus i'),(69,48,'repudiandae','Eaque atque quae sequi. Rerum maiores quo minima qui. Id molestias aut in nemo provident illo culpa.'),(70,71,'et','Earum id nihil cumque eius qui corrupti atque quo. Est doloribus voluptas quidem nulla. Repellendus '),(71,51,'harum','Possimus hic libero occaecati non alias itaque corporis. Laboriosam laudantium eum atque illo. Alias'),(72,46,'tempore','Odit esse dolor veniam corrupti eum. Nostrum eaque ea sunt sit consequatur sit eum perferendis. Volu'),(73,44,'error','Voluptatem veniam magni aliquam consequatur iusto officia culpa. Natus eum minus perspiciatis sequi '),(74,90,'est','Qui maxime rerum dignissimos similique dolorum. Harum sapiente at ipsam ut aperiam molestias quo qui'),(75,51,'reiciendis','Accusamus impedit iure modi aut. Ut nesciunt non tempora mollitia et enim occaecati quam. Est reicie'),(76,19,'omnis','Est ea voluptates assumenda minus quo ducimus fugiat. Nostrum excepturi asperiores hic unde voluptat'),(77,33,'vitae','Repellat reiciendis id tempora vel. Quia quos tempora saepe. Doloremque qui voluptate eum doloremque'),(78,41,'voluptas','Ad laudantium eos consequuntur architecto ut suscipit totam. Id pariatur ex voluptate aliquam rerum.'),(79,70,'sit','Quis accusantium et molestiae officia vel debitis. Nesciunt eius nisi ut. Et qui et et dolor. Dolore'),(80,92,'rem','Esse ut eveniet voluptas. Maiores omnis possimus facere qui magnam temporibus non. Architecto quas n'),(81,45,'repellendus','Temporibus ut et nulla ut ducimus et. Qui occaecati corporis molestiae nesciunt.'),(82,23,'nemo','Qui illum molestiae ut pariatur. Optio reiciendis vero error fugit. Deleniti minus qui maiores sit. '),(83,15,'consequuntur','Modi illo modi sunt praesentium deleniti. Et sunt magnam ipsum animi exercitationem aperiam culpa. T'),(84,68,'autem','Iure harum aliquid consequatur temporibus delectus. Et beatae quod molestias at. Et impedit et est b'),(85,20,'perferendis','Repudiandae atque aspernatur aut. Saepe qui aut molestiae saepe dolor voluptate. Cupiditate blanditi'),(86,97,'illum','Sequi impedit cumque nihil distinctio distinctio voluptatibus. Placeat non cupiditate laboriosam sit'),(87,95,'eos','Praesentium quis quasi facilis magnam dolor. At iusto ut molestiae laborum molestias consequatur nul'),(88,20,'ut','Dolores odio illum aut beatae ducimus dolorem. Id consequuntur doloribus eius error. Voluptas volupt'),(89,64,'quos','Amet delectus aut id ullam nostrum voluptatibus. Labore accusamus repellendus expedita. Sit asperior'),(90,52,'aperiam','Sit nostrum non qui omnis iste sunt. Vitae iste aut velit officiis. Autem qui deserunt perferendis d'),(91,10,'tempora','Consequatur dolor est temporibus doloremque aut. Distinctio reprehenderit dolore et commodi temporib'),(92,19,'ut','Rem expedita doloribus qui est molestiae. Minima qui perferendis aut nulla a saepe. Voluptatibus ist'),(93,74,'ab','Autem dolores ex eum nobis aut totam. Minus ratione excepturi eos commodi. Voluptatum laboriosam rem'),(94,62,'eveniet','Natus quae corrupti id est. Exercitationem consequuntur explicabo quas est. Aut odit est qui qui inv'),(95,49,'rerum','A nesciunt quas dolorem tempore quas aspernatur tempora. Totam velit nihil et et omnis sed dolorem. '),(96,37,'fugiat','Qui aut tempora consequatur aut vel quia veniam. Quidem unde exercitationem nostrum. Officiis et sus'),(97,82,'nihil','Voluptatem dignissimos quia vel tempore. Cumque voluptatem odio ea adipisci. Voluptatibus voluptas v'),(98,10,'minima','Corrupti et pariatur qui natus aliquid nam dolores. Error aut sunt aut illo earum dicta. Inventore n'),(99,68,'aut','Saepe nihil eos eum nisi iusto. Quas aliquid reiciendis qui nihil quidem illo nihil est. Recusandae '),(100,98,'architecto','Earum facere aperiam enim ipsam. Suscipit provident quo voluptatem aut in occaecati amet. Illum dolo');
/*!40000 ALTER TABLE `character_armor` ENABLE KEYS */;
UNLOCK TABLES;

--
-- Table structure for table `character_basics`
--

DROP TABLE IF EXISTS `character_basics`;
/*!40101 SET @saved_cs_client     = @@character_set_client */;
/*!50503 SET character_set_client = utf8mb4 */;
CREATE TABLE `character_basics` (
  `characterID` int NOT NULL AUTO_INCREMENT,
  `characterIDuser` int NOT NULL,
  `characterName` varchar(60) NOT NULL,
  `characterLevel` varchar(45) NOT NULL,
  `characterRace` varchar(45) NOT NULL,
  `characterClass` varchar(45) NOT NULL,
  `characterAC` int NOT NULL,
  `characterProficiencyMod` int NOT NULL,
  `characterHP` int NOT NULL,
  PRIMARY KEY (`characterID`),
  UNIQUE KEY `characterID_UNIQUE` (`characterID`),
  KEY `characterIDuser_idx` (`characterIDuser`)
) ENGINE=InnoDB AUTO_INCREMENT=101 DEFAULT CHARSET=utf8mb4 COLLATE=utf8mb4_0900_ai_ci;
/*!40101 SET character_set_client = @saved_cs_client */;

--
-- Dumping data for table `character_basics`
--

LOCK TABLES `character_basics` WRITE;
/*!40000 ALTER TABLE `character_basics` DISABLE KEYS */;
INSERT INTO `character_basics` VALUES (1,100,'voluptates','5','cupiditate','expedita',5,2,7),(2,30,'suscipit','4','dicta','in',6,6,0),(3,50,'ea','8','sed','distinctio',8,1,4),(4,90,'maiores','4','sunt','et',5,3,4),(5,99,'temporibus','1','ut','sint',2,1,4),(6,85,'corporis','3','fugiat','aliquam',2,3,6),(7,71,'repudiandae','3','consequatur','debitis',6,0,5),(8,59,'reprehenderit','1','at','ex',4,6,7),(9,43,'blanditiis','6','excepturi','eos',2,6,9),(10,63,'ullam','8','minus','ut',1,6,9),(11,6,'molestias','','incidunt','officiis',9,7,5),(12,96,'voluptatem','5','ut','non',8,9,5),(13,60,'repudiandae','8','dolorem','repellat',8,8,8),(14,61,'qui','9','quis','architecto',2,0,5),(15,70,'minus','1','ea','saepe',2,5,9),(16,10,'perferendis','','omnis','consequatur',6,8,1),(17,24,'est','7','ut','aliquid',3,5,5),(18,54,'non','5','quos','libero',0,3,8),(19,86,'inventore','','aliquam','numquam',8,8,6),(20,17,'eos','8','non','accusamus',4,1,6),(21,26,'quasi','8','laborum','nisi',8,9,3),(22,24,'facilis','2','explicabo','debitis',5,6,5),(23,31,'numquam','5','nobis','quis',0,6,1),(24,31,'rem','7','non','recusandae',5,0,2),(25,46,'debitis','9','dignissimos','dolor',2,7,2),(26,39,'ab','9','esse','libero',4,5,9),(27,28,'veritatis','3','itaque','consequatur',7,6,5),(28,78,'perferendis','2','eum','iure',2,1,9),(29,25,'nesciunt','5','qui','eaque',4,4,9),(30,94,'eligendi','6','qui','rem',0,7,2),(31,95,'et','3','labore','nihil',9,7,8),(32,59,'reiciendis','8','suscipit','numquam',0,1,6),(33,44,'temporibus','6','dicta','laudantium',7,5,2),(34,83,'est','8','aliquid','adipisci',9,6,9),(35,93,'consequatur','1','explicabo','facilis',1,4,4),(36,27,'similique','','nesciunt','debitis',3,1,9),(37,88,'reprehenderit','5','qui','molestiae',6,2,3),(38,53,'id','1','et','officiis',7,1,2),(39,11,'omnis','6','aut','ipsa',1,7,3),(40,64,'sunt','9','consequatur','magnam',8,5,5),(41,17,'enim','','nemo','cumque',6,1,7),(42,96,'et','','excepturi','tempora',8,7,2),(43,22,'quaerat','1','quaerat','est',7,4,1),(44,99,'delectus','3','laboriosam','eum',4,5,2),(45,84,'exercitationem','1','libero','aut',2,0,4),(46,100,'quisquam','9','molestiae','maxime',1,4,9),(47,75,'sed','9','at','consequatur',9,0,3),(48,56,'ratione','9','inventore','eius',2,7,1),(49,1,'sed','','a','pariatur',3,3,1),(50,93,'totam','5','nisi','nisi',0,4,5),(51,49,'rem','9','odio','praesentium',8,3,1),(52,95,'modi','8','laudantium','eos',9,3,8),(53,30,'voluptas','','libero','dignissimos',5,8,0),(54,64,'iusto','8','adipisci','eos',9,8,1),(55,59,'doloremque','3','voluptatem','neque',2,5,9),(56,77,'iste','3','consequatur','minima',8,2,7),(57,94,'natus','6','aliquid','qui',4,6,7),(58,62,'cupiditate','6','laudantium','voluptas',9,7,1),(59,65,'nesciunt','5','aut','ex',3,8,3),(60,8,'et','','delectus','dolores',9,0,3),(61,57,'expedita','5','voluptate','odit',4,1,8),(62,87,'possimus','7','ipsa','ducimus',6,6,4),(63,84,'et','9','veritatis','iure',0,6,6),(64,52,'est','7','alias','voluptas',1,5,2),(65,25,'accusantium','4','aperiam','nulla',9,4,9),(66,72,'consectetur','6','ut','nostrum',7,6,9),(67,48,'optio','2','eveniet','aliquam',8,5,5),(68,42,'perferendis','5','voluptatem','beatae',5,9,9),(69,35,'sint','6','et','voluptatem',1,7,7),(70,94,'qui','1','ut','et',2,3,2),(71,61,'consequatur','6','enim','qui',2,4,7),(72,86,'id','2','voluptas','et',7,3,9),(73,79,'minima','2','modi','qui',4,6,7),(74,28,'repellat','6','qui','rem',1,6,2),(75,9,'dolore','9','aliquam','aut',1,6,8),(76,25,'iusto','4','non','repellendus',2,2,7),(77,98,'in','5','soluta','dolor',5,1,0),(78,74,'ut','2','quae','deleniti',8,1,2),(79,36,'neque','','fugit','a',8,3,1),(80,20,'unde','3','placeat','qui',3,7,6),(81,4,'autem','1','et','consectetur',0,6,7),(82,2,'quaerat','9','dignissimos','ea',6,3,2),(83,26,'est','7','reiciendis','facilis',6,1,7),(84,95,'quis','2','consequatur','adipisci',5,7,9),(85,83,'nisi','7','optio','et',3,8,8),(86,43,'qui','3','ullam','est',5,1,2),(87,27,'est','5','rerum','corrupti',2,8,0),(88,64,'facilis','5','praesentium','omnis',9,9,0),(89,10,'ut','9','sit','similique',0,3,2),(90,11,'itaque','7','voluptatem','qui',1,3,0),(91,50,'inventore','3','soluta','accusantium',3,9,0),(92,94,'molestias','4','officiis','praesentium',0,7,4),(93,19,'non','','aperiam','earum',9,4,8),(94,51,'tenetur','3','quis','ut',1,7,9),(95,22,'veritatis','8','optio','recusandae',0,3,5),(96,19,'beatae','5','omnis','nostrum',6,5,4),(97,84,'assumenda','6','ipsum','facere',8,5,7),(98,85,'et','5','nobis','omnis',7,9,3),(99,79,'recusandae','2','aliquid','nulla',5,3,1),(100,25,'dicta','8','quam','et',4,4,7);
/*!40000 ALTER TABLE `character_basics` ENABLE KEYS */;
UNLOCK TABLES;

--
-- Table structure for table `character_inventory`
--

DROP TABLE IF EXISTS `character_inventory`;
/*!40101 SET @saved_cs_client     = @@character_set_client */;
/*!50503 SET character_set_client = utf8mb4 */;
CREATE TABLE `character_inventory` (
  `characterInventoryID` int NOT NULL AUTO_INCREMENT,
  `characterIDinv` int NOT NULL,
  `inventoryItemName` varchar(60) NOT NULL,
  `inventoryItemDescription` varchar(200) DEFAULT NULL,
  `inventoryItemQuantity` int DEFAULT NULL,
  PRIMARY KEY (`characterInventoryID`),
  UNIQUE KEY `characterInventoryID_UNIQUE` (`characterInventoryID`),
  KEY `characterIDinv_idx` (`characterIDinv`),
  CONSTRAINT `characterIDinv` FOREIGN KEY (`characterIDinv`) REFERENCES `character_basics` (`characterID`)
) ENGINE=InnoDB AUTO_INCREMENT=101 DEFAULT CHARSET=utf8mb4 COLLATE=utf8mb4_0900_ai_ci;
/*!40101 SET character_set_client = @saved_cs_client */;

--
-- Dumping data for table `character_inventory`
--

LOCK TABLES `character_inventory` WRITE;
/*!40000 ALTER TABLE `character_inventory` DISABLE KEYS */;
INSERT INTO `character_inventory` VALUES (1,59,'magni','Corrupti eius tempora fuga autem voluptatem. Cumque totam perferendis incidunt sunt modi. Odio voluptas voluptates quod.',2),(2,57,'et','Ut laboriosam enim dolorem hic animi inventore voluptates. Animi blanditiis explicabo sed qui. Repellendus dolore velit et et excepturi aut. Quidem repellat voluptates ex id.',5),(3,46,'ut','Minima dicta quasi expedita dolorum libero et qui. Distinctio non eius sapiente rerum non cum culpa. Nihil ratione aperiam sed autem fugit eum aut.',5),(4,80,'ut','Magni magnam velit non provident. Itaque eligendi aut aliquam molestias necessitatibus pariatur sint. Blanditiis dolor minima quia est doloremque vel voluptatem.',7),(5,5,'id','Doloremque alias adipisci corporis voluptas. Nisi aut sint corrupti amet voluptatem atque. Repellendus asperiores quas et velit mollitia. Maiores sapiente magni architecto et quia veniam est.',0),(6,77,'laudantium','Totam pariatur occaecati odio velit. Rerum dolores in nam et ut rem labore voluptate. Veniam nihil ipsum est sed sed voluptatibus iusto. Explicabo corporis et aspernatur at.',2),(7,83,'consequuntur','Non officia doloremque repudiandae et. Veniam tempora rerum natus doloremque illum. Consequatur est dolorum quidem porro nisi possimus a. Reiciendis id voluptate beatae maiores.',7),(8,70,'aspernatur','Nostrum et non consequuntur. Nostrum libero neque sed atque et maiores. Iste amet nesciunt ad ipsam.',6),(9,68,'rerum','Id nostrum ut quia quia minima voluptatem. Voluptatibus non natus voluptas excepturi veritatis nemo praesentium non. Soluta quasi et ea tempore rerum.',2),(10,42,'perferendis','Quia est molestiae et non recusandae consequatur. Ipsum pariatur nam eos voluptates libero et necessitatibus. Cum accusantium cupiditate in velit harum.',1),(11,44,'eaque','Consequatur ut ad minus nostrum quibusdam eveniet. Nam consectetur a adipisci adipisci aperiam.',9),(12,88,'in','Ex incidunt labore similique qui vero. Et exercitationem repellat est omnis sequi et esse vero. Occaecati architecto earum esse exercitationem.',6),(13,70,'vitae','Explicabo quam adipisci sint perferendis est eveniet. Numquam voluptatem quo ut est sint reiciendis. Est voluptatum quo quam velit. Ut numquam aut nam vitae. Placeat consequatur exercitationem quidem ',8),(14,76,'aliquam','Quae placeat dolorum magni et nihil odit magni velit. Distinctio sunt dolor cumque. Et qui aspernatur qui voluptatum excepturi quia recusandae. Ut et perferendis similique nam itaque sapiente. Iste at',6),(15,25,'sint','Nihil libero qui sunt. Harum nihil quaerat incidunt quos vero ut. Voluptas soluta omnis voluptas dolores excepturi.',8),(16,85,'aliquid','Consequatur minima perspiciatis adipisci error consectetur quis recusandae. Porro qui et quaerat voluptatem et maiores. Culpa fugit eligendi minus eos ea officiis exercitationem. Facere autem accusamu',2),(17,76,'quibusdam','Nostrum et quos tenetur impedit quis. Omnis enim dignissimos error labore provident et temporibus repellendus. Consequatur itaque et saepe consequatur accusantium accusamus.',6),(18,4,'et','Sed quod nobis maiores sit cumque non. Consequatur ut officiis est officiis reiciendis. Culpa cupiditate consequatur quod possimus occaecati a minima minus. Qui nobis suscipit doloribus quia voluptate',7),(19,15,'fugiat','Tenetur qui ut suscipit cum et. Excepturi sunt labore delectus velit vero. Facere et et quibusdam illo est molestiae sunt.',5),(20,82,'dolores','Modi velit ratione dignissimos neque perferendis quasi rerum. Ratione sed neque est fuga ipsa maxime ducimus cumque. Autem quo quasi ea labore qui libero dolore unde.',1),(21,78,'quo','Eius corrupti ea reprehenderit. Quis rerum dolore ad dignissimos.',4),(22,35,'maxime','Autem alias qui nihil quia itaque provident. Et natus corporis nobis est corrupti aut. Rem sit omnis incidunt asperiores nihil eum voluptas. In enim corrupti quo beatae et fuga ipsa. Cum eius nam earu',4),(23,36,'sit','Sequi quia vel consectetur et. Exercitationem quis id laborum dolor eos.',5),(24,64,'eos','Enim saepe qui perspiciatis saepe quae quo id. Ut praesentium laudantium sed voluptatem qui aut. Occaecati amet qui hic molestias quibusdam. Animi modi sit explicabo accusamus sunt quas.',7),(25,95,'eum','Natus tempora illum quas ut. Voluptates consequatur ut molestiae quae sit magnam. Repellendus aut quia sint dolorem et in corporis alias. Nam aut et voluptatem corporis.',0),(26,50,'pariatur','Et in aut qui dolores. Qui aut amet aut rerum. Nihil quia nihil dolor amet sit doloribus voluptas. Aut amet officiis temporibus fugiat similique tenetur at.',6),(27,7,'excepturi','Quis similique voluptas optio fugit. Officiis animi inventore quod. Quo enim velit quaerat nihil. Voluptate totam deleniti labore maiores beatae.',4),(28,17,'ea','Ut ratione excepturi sunt voluptatibus est voluptatem. Blanditiis molestiae eum sapiente eos. Labore ullam labore deserunt deleniti itaque placeat.',5),(29,10,'sit','Dolorem veritatis dolor rerum architecto. Ut est eaque voluptatem. Sit qui dignissimos accusamus dolores odio. Aut eos maxime voluptatem maiores excepturi aut at.',2),(30,99,'pariatur','Beatae sit libero delectus et laboriosam sit. Hic eligendi harum nulla alias expedita eligendi. Perspiciatis quos suscipit doloremque ea. Dolorem enim repudiandae repellendus velit ea incidunt dolorem',4),(31,72,'et','Odit quasi dolor non beatae dignissimos aspernatur quis. Aut repellat odit repudiandae possimus nobis esse sequi. Ea doloribus doloremque excepturi consequuntur aut sit ut. Et beatae debitis et volupt',4),(32,45,'velit','Et quis itaque dolor minus eum nisi. Iste adipisci aut iusto veniam. Fugit ut et minus quia rerum alias nihil.',5),(33,52,'corporis','Atque aut nobis nemo eaque. Et veniam praesentium reprehenderit cumque aut fuga. Magni sunt odit doloremque unde. Voluptatibus rem consequatur ab.',9),(34,97,'reprehenderit','Ad earum repellat fugit qui reiciendis commodi consectetur sit. Itaque rerum consequuntur qui.',4),(35,84,'neque','Ipsam et deleniti non. Quia ut et aut. Qui laudantium rerum sequi. Eligendi quibusdam sit esse et.',8),(36,80,'adipisci','Neque molestiae eius optio sunt quidem molestiae autem. Tempore vero corporis est repellat laborum accusantium. Est laudantium recusandae voluptatem ipsum molestiae magnam. Placeat culpa consequuntur ',6),(37,8,'ratione','Aperiam odit quia assumenda distinctio. Porro fuga provident dicta doloremque officiis officiis. Aut et ut maxime dolores. Saepe aut quia velit qui excepturi id.',4),(38,93,'ut','Occaecati est ut voluptas veritatis. Consequatur qui molestias assumenda minus. Sapiente iure et minima explicabo.',0),(39,65,'molestiae','Ipsum ullam molestias et vitae consequatur eligendi ex. Aspernatur voluptatum magni earum dignissimos praesentium ipsam consequatur. Quis incidunt nisi est provident quia sapiente.',4),(40,30,'est','Labore minima velit voluptas architecto rerum molestiae. Iusto tempora et repellendus fugit ut sunt voluptatibus. Voluptas ullam accusantium ut neque.',0),(41,7,'nostrum','Eum molestiae nisi maiores odio sapiente excepturi. Et qui provident dolorem molestias animi eum praesentium optio. Ut unde quod voluptatibus quasi. Unde et quam est voluptas eius voluptatem blanditii',0),(42,82,'aut','Non minima dolor eum suscipit sit. Accusamus cupiditate et voluptas rem odio et vero. Consectetur harum iure pariatur laboriosam officia. Dolorem officia tenetur dolore corrupti culpa fugit aperiam. N',3),(43,53,'ullam','Molestiae pariatur et omnis temporibus corrupti. Et quasi repudiandae est ad. Veniam quis in deleniti fugit sunt inventore.',2),(44,79,'tempore','Quis et nihil nostrum ut cupiditate maiores quas. Quibusdam totam laboriosam dolorem minima. Consequatur ratione et placeat fugiat tenetur ex blanditiis facilis. Vitae veritatis doloremque explicabo p',1),(45,55,'mollitia','Dolore molestias autem est quo et cum excepturi. Magni aut quidem et. Suscipit optio expedita dolor temporibus aspernatur harum. Omnis incidunt praesentium accusamus a vel est dolor.',4),(46,83,'quia','Ut sunt nulla quo fugit enim nobis. Dolor tenetur nam totam atque. Quo et molestias sapiente eveniet ut. Quo molestias eum odit et sint voluptatem.',9),(47,46,'minima','Dolorem nihil id dolore aliquam. Ut exercitationem aspernatur quas ratione qui veritatis. Praesentium ut nisi qui qui doloremque veniam est. Facilis ipsum est temporibus molestiae porro dicta vero.',0),(48,48,'magnam','Dignissimos sed praesentium odio qui et placeat aut. Et et eum aut esse et. Libero est officia veritatis magni.',1),(49,60,'sunt','Ducimus ipsa deleniti nisi tempore pariatur minima eum. Magnam aut officiis mollitia nulla aliquid. Eaque delectus corporis consequuntur.',0),(50,78,'adipisci','Quia rerum et exercitationem nihil. Non ducimus molestiae quo ut molestiae dicta. Voluptatem sint itaque quam assumenda quam eos dolor. Rerum sint aliquid quia doloribus est voluptate rem.',2),(51,84,'quis','Fugit exercitationem eum unde qui error modi et. Laborum sunt iusto necessitatibus nihil. Omnis aut in repudiandae recusandae vel. Facere ipsam consequuntur sapiente consequuntur.',2),(52,74,'et','Laudantium sed et laudantium repudiandae. Est quas amet est quidem sit qui. Quia voluptates sint magni officia aut.',5),(53,84,'cupiditate','Magnam voluptas quaerat sunt omnis perferendis impedit repellendus. Voluptate aut voluptate voluptatibus molestias nobis optio voluptate. Sed tenetur qui dolorum. Vero nostrum accusamus voluptatum qui',5),(54,43,'id','Ipsam enim deleniti occaecati unde natus dolorem voluptate. Nam sit consequuntur molestiae hic sequi et nobis aliquam. Asperiores et totam voluptatem nesciunt.',2),(55,25,'rerum','Ducimus consequuntur aut aut dolor in voluptatibus. Pariatur et qui est. Aut et ut voluptatem nemo qui.',4),(56,76,'eaque','Ipsum reiciendis ratione voluptas. Nesciunt sed voluptas consequatur delectus rerum aliquid. Voluptatem ut error quas magni enim quos provident. Ab blanditiis voluptas ipsa voluptas et.',2),(57,2,'voluptas','Commodi minus sed laboriosam sed sunt quia. Dolores accusantium iure alias tempore sit repudiandae soluta. Delectus nostrum doloribus quidem fuga esse. Non est fugiat enim odit ut dolores et.',1),(58,52,'veniam','Esse exercitationem sed natus nobis iste nesciunt saepe a. Non enim quae ullam. Molestiae odio accusantium hic vitae vel.',8),(59,87,'beatae','Sunt placeat voluptas dolorem delectus a dolor. Recusandae quia vel sunt ut corrupti. Praesentium consequuntur id voluptas rerum tempora numquam.',9),(60,39,'nostrum','Dolorem et ab rerum dolores distinctio. Exercitationem cumque quaerat qui ut est. Inventore occaecati consectetur et et. Eaque amet porro voluptate sequi.',3),(61,37,'fugiat','Quas porro et quas. Iusto temporibus aut ut aut qui. Repellat voluptatem rem odit saepe provident numquam.',9),(62,34,'excepturi','Corrupti id amet laboriosam ut similique. Et esse quibusdam vitae culpa. Sit repudiandae autem quisquam dolor ad.',5),(63,6,'eos','Numquam qui consequuntur blanditiis. Eos quo ducimus alias dolor. Qui sunt quasi facere fugit facilis omnis est voluptatibus. Qui dolorem hic dolor dolorum vitae sit.',8),(64,56,'et','Facere quis illo at optio. Magni debitis molestiae fuga atque.',0),(65,61,'et','Quis aperiam rerum architecto et. Quam qui voluptatem dolor exercitationem totam. Repellendus nam ut ipsam veritatis. Repellat natus officiis reiciendis voluptates voluptatem totam veniam.',1),(66,53,'vitae','Cupiditate non similique eligendi voluptatem delectus quia. Quia animi fugit ipsa dignissimos autem. Quo doloremque voluptatibus ut corrupti totam vero ratione quae. Cumque iste autem dolores eius in.',0),(67,98,'quia','Et ducimus minus et. Non et minus sapiente voluptatem. Non voluptatem molestiae voluptas ullam quae doloribus accusamus saepe.',5),(68,61,'sint','Maxime alias natus molestias nulla totam laboriosam quibusdam. Dolor accusamus autem eligendi magnam odio. Autem velit maxime asperiores consectetur ipsum. Consectetur repellendus ad est impedit.',8),(69,58,'maiores','Nihil maxime aut dolor eius. Ea omnis exercitationem quis nostrum quae corrupti sit. Ut perferendis et distinctio sapiente. Quis iusto similique quam odio facere error nulla. Aliquid dolor ut officiis',3),(70,5,'sed','Incidunt hic vero at non et sed. Eos ab voluptatem esse laudantium. Dolor repellat rerum magnam ut.',8),(71,95,'voluptatem','Et at consequatur distinctio quia. Ad ea impedit repellendus doloremque. Corporis voluptas vel quo iure tempora et. Veritatis non sit ea temporibus sed sapiente officia.',3),(72,2,'quibusdam','Mollitia repellendus aut mollitia porro sed. Dolores eaque porro provident. Eveniet quo libero nesciunt aut laborum rerum deleniti.',0),(73,71,'libero','Neque molestiae consequatur est enim. Occaecati aut sint sunt aut. Eveniet possimus dolorum et maxime consequatur voluptate et dolorum. Qui eligendi quasi voluptas temporibus rerum quia.',8),(74,19,'ex','Consectetur aut totam amet quidem ut. Voluptatum ea mollitia dolore praesentium assumenda saepe ut. Cupiditate aliquid voluptas qui autem qui itaque quia. Reiciendis natus fuga nam.',2),(75,96,'voluptatum','Non id et tenetur placeat dicta enim consequatur occaecati. Dolor illo incidunt cum pariatur fugiat doloremque. Nam iste voluptatibus at doloremque quam corporis.',9),(76,44,'ratione','Et enim consequatur temporibus soluta. Quo ratione commodi qui expedita sed similique.',2),(77,29,'possimus','Optio ipsam similique reiciendis non quod. Necessitatibus quis voluptates eius maxime quia ut. Esse minus voluptas earum ea.',7),(78,88,'eos','Id ducimus nulla accusantium numquam neque ut architecto. Eum eveniet qui eaque repellat id iure nisi.',9),(79,54,'dolorum','Sequi recusandae aperiam deleniti. Ut nihil dolorem non eaque et est enim. Et consequuntur odio alias saepe id maiores.',9),(80,86,'possimus','Dolores aliquid iure assumenda nihil sit. Sit rem animi ex ipsam deserunt aut. Unde sint sit laborum dolores quia. Eos voluptatum fuga temporibus omnis et.',7),(81,54,'et','Ut aut alias in dolor et tempore est reprehenderit. Et unde qui sunt omnis aut ut enim. Cumque error est omnis consequatur.',4),(82,98,'aut','Excepturi nemo voluptas impedit vel nisi architecto. Accusamus sequi ullam quibusdam nihil eius sequi. Voluptatibus vitae nulla amet. Et neque qui ex velit est quis.',2),(83,85,'nesciunt','Enim nesciunt aliquam explicabo dolor recusandae. Voluptatem deleniti asperiores atque ut et enim. Dicta ipsam quos fugiat in velit hic dolorum animi. Modi quibusdam laboriosam enim ullam.',4),(84,100,'id','Nam error et officiis ullam excepturi omnis officiis eligendi. Ut aperiam est omnis omnis. Nam facilis non incidunt officia ut iste nam. Sit occaecati sint similique qui. At quia et qui voluptates qui',8),(85,15,'et','Quia et est ea accusamus velit a. Nihil dolor saepe corporis adipisci maiores aut excepturi.',4),(86,24,'et','Minima dicta molestiae ut ipsum. Dolores porro neque dolor ducimus nam officiis libero. Dolorem quia reiciendis consequuntur qui vel qui.',2),(87,96,'ut','Doloribus adipisci illum id nesciunt alias ipsam aperiam. Modi natus vel nihil eveniet nihil. Corporis minus et sit at qui quasi.',7),(88,87,'in','Aperiam rerum rerum id architecto et. Velit qui sunt deserunt sunt. Explicabo provident sed maxime doloribus ea asperiores maiores eos. Deserunt vel non a accusantium sequi cum.',4),(89,84,'quasi','Nulla aut perspiciatis et molestias nam aspernatur id. Recusandae labore distinctio aut eum sed. Hic at veniam quia consequatur maiores natus laboriosam. Iusto qui provident deserunt possimus necessit',1),(90,75,'adipisci','Facilis enim modi temporibus culpa voluptas sequi. Est molestiae ipsum similique praesentium. Aut recusandae sed aspernatur possimus. Ut voluptas in nostrum dolorum laboriosam consectetur.',6),(91,3,'doloribus','Voluptas nobis praesentium minus labore explicabo est voluptas. Recusandae aliquam at ab ea incidunt pariatur et.',4),(92,64,'reiciendis','Ad et neque molestiae quia illum est molestiae blanditiis. Facilis tempora facere eius id facere vel qui. Dolores molestiae repudiandae ut et omnis animi voluptatem.',3),(93,65,'iure','Voluptates est fugit laboriosam nihil sed natus omnis. Voluptas itaque occaecati aut fugit ipsam consequatur voluptatum voluptatem. Ex laboriosam nihil illo officiis ut minus et. Totam et labore qui d',0),(94,43,'nihil','Inventore laboriosam aut praesentium dolor nulla illo dolore possimus. Earum eum ratione ut odit voluptas reprehenderit. Voluptas officiis occaecati ipsam nam qui illo distinctio.',4),(95,45,'fuga','Rerum sed quibusdam distinctio fuga dolor. Sint et vel corporis ab aspernatur ea minus. Quibusdam dolor qui voluptates.',5),(96,31,'suscipit','Et enim et architecto fugiat qui ea dolorum. Ipsum repellendus nobis molestiae omnis provident sed. Qui rem quia amet quidem est dolor. Eum rerum et nisi nam.',9),(97,81,'ratione','Et amet tempore quia fugiat quasi hic et. Praesentium at aut dolore fuga laudantium sit veniam.',2),(98,99,'et','Voluptate autem sed aliquid ut nihil magni. Magnam reiciendis doloremque porro soluta at tempora. Id eos non quidem voluptas odit voluptate. Est voluptatem impedit ullam sint facilis ab et. Suscipit a',5),(99,87,'deserunt','Voluptas tempore accusamus qui officiis sed. Repellat aspernatur assumenda voluptatem aut cum et animi quam. At perspiciatis et soluta est ipsum maxime.',3),(100,100,'earum','Quaerat inventore natus placeat tenetur dolores quia. Expedita cumque magni omnis minima et. Reprehenderit non qui autem commodi nobis laboriosam sapiente.',7);
/*!40000 ALTER TABLE `character_inventory` ENABLE KEYS */;
UNLOCK TABLES;

--
-- Table structure for table `character_languages`
--

DROP TABLE IF EXISTS `character_languages`;
/*!40101 SET @saved_cs_client     = @@character_set_client */;
/*!50503 SET character_set_client = utf8mb4 */;
CREATE TABLE `character_languages` (
  `characterLanguageID` int NOT NULL AUTO_INCREMENT,
  `characterIDLang` int NOT NULL,
  `languageName` varchar(45) NOT NULL,
  PRIMARY KEY (`characterLanguageID`),
  UNIQUE KEY `characterLanguageID_UNIQUE` (`characterLanguageID`),
  KEY `characterIDLang_idx` (`characterIDLang`),
  CONSTRAINT `characterIDLang` FOREIGN KEY (`characterIDLang`) REFERENCES `character_basics` (`characterID`)
) ENGINE=InnoDB AUTO_INCREMENT=101 DEFAULT CHARSET=utf8mb4 COLLATE=utf8mb4_0900_ai_ci;
/*!40101 SET character_set_client = @saved_cs_client */;

--
-- Dumping data for table `character_languages`
--

LOCK TABLES `character_languages` WRITE;
/*!40000 ALTER TABLE `character_languages` DISABLE KEYS */;
INSERT INTO `character_languages` VALUES (1,45,'qui'),(2,10,'aut'),(3,2,'magnam'),(4,87,'sed'),(5,42,'iste'),(6,44,'consequatur'),(7,64,'repellendus'),(8,12,'tempore'),(9,41,'et'),(10,72,'quasi'),(11,18,'in'),(12,19,'qui'),(13,25,'reprehenderit'),(14,14,'aut'),(15,10,'fuga'),(16,58,'animi'),(17,47,'et'),(18,37,'libero'),(19,83,'vel'),(20,95,'in'),(21,29,'itaque'),(22,10,'quis'),(23,52,'nulla'),(24,11,'repellendus'),(25,54,'eveniet'),(26,11,'modi'),(27,58,'qui'),(28,73,'aut'),(29,96,'natus'),(30,94,'modi'),(31,73,'vel'),(32,33,'ea'),(33,77,'voluptates'),(34,9,'soluta'),(35,82,'dicta'),(36,26,'deleniti'),(37,4,'optio'),(38,36,'modi'),(39,58,'similique'),(40,10,'voluptates'),(41,55,'impedit'),(42,31,'ab'),(43,15,'dolorum'),(44,29,'quia'),(45,85,'autem'),(46,12,'temporibus'),(47,98,'et'),(48,18,'est'),(49,57,'dolorem'),(50,91,'accusantium'),(51,57,'et'),(52,43,'in'),(53,52,'consectetur'),(54,81,'id'),(55,67,'non'),(56,54,'et'),(57,62,'perspiciatis'),(58,33,'hic'),(59,4,'veniam'),(60,6,'recusandae'),(61,100,'voluptates'),(62,99,'hic'),(63,26,'dolor'),(64,86,'unde'),(65,44,'consequatur'),(66,14,'tempora'),(67,55,'esse'),(68,47,'sit'),(69,75,'cum'),(70,9,'veniam'),(71,36,'et'),(72,21,'pariatur'),(73,95,'ad'),(74,87,'ut'),(75,5,'vel'),(76,95,'et'),(77,7,'rerum'),(78,17,'quo'),(79,98,'illum'),(80,40,'earum'),(81,9,'fuga'),(82,42,'accusamus'),(83,24,'non'),(84,65,'atque'),(85,67,'ad'),(86,15,'laborum'),(87,44,'quidem'),(88,26,'accusantium'),(89,30,'consectetur'),(90,18,'nostrum'),(91,11,'maxime'),(92,90,'nihil'),(93,73,'error'),(94,5,'dolor'),(95,71,'temporibus'),(96,88,'voluptates'),(97,14,'sapiente'),(98,85,'vero'),(99,73,'similique'),(100,19,'ut');
/*!40000 ALTER TABLE `character_languages` ENABLE KEYS */;
UNLOCK TABLES;

--
-- Table structure for table `character_proficiencies`
--

DROP TABLE IF EXISTS `character_proficiencies`;
/*!40101 SET @saved_cs_client     = @@character_set_client */;
/*!50503 SET character_set_client = utf8mb4 */;
CREATE TABLE `character_proficiencies` (
  `characterProficiencyID` int NOT NULL AUTO_INCREMENT,
  `characterIDprof` int NOT NULL,
  `proficiencyName` enum('Athletics','Acrobatics','Sleight of Hand','Stealth','Arcana','History','Investigation','Nature','Religion','Animal Handling','Insight','Medicine','Perception','Survival','Deception','Intimidation','Performance','Persuasion') NOT NULL,
  `proficiencyStatus` enum('Not Proficient','Proficient','Expertise') NOT NULL DEFAULT 'Not Proficient',
  `proficiencyTotal` int NOT NULL,
  PRIMARY KEY (`characterProficiencyID`),
  UNIQUE KEY `characterProficiencyID_UNIQUE` (`characterProficiencyID`),
  UNIQUE KEY `characterIDprof_UNIQUE` (`characterIDprof`),
  KEY `characterIDprof_idx` (`characterIDprof`),
  CONSTRAINT `characterIDprof` FOREIGN KEY (`characterIDprof`) REFERENCES `character_basics` (`characterID`)
) ENGINE=InnoDB AUTO_INCREMENT=200 DEFAULT CHARSET=utf8mb4 COLLATE=utf8mb4_0900_ai_ci;
/*!40101 SET character_set_client = @saved_cs_client */;

--
-- Dumping data for table `character_proficiencies`
--

LOCK TABLES `character_proficiencies` WRITE;
/*!40000 ALTER TABLE `character_proficiencies` DISABLE KEYS */;
INSERT INTO `character_proficiencies` VALUES (101,42,'Perception','Not Proficient',8),(102,61,'Intimidation','Proficient',6),(103,4,'Insight','Proficient',3),(104,64,'Religion','Expertise',7),(105,66,'Sleight of Hand','Not Proficient',1),(106,68,'History','Expertise',4),(107,50,'Medicine','Not Proficient',2),(108,49,'Medicine','Not Proficient',2),(109,37,'Sleight of Hand','Expertise',2),(110,88,'Performance','Not Proficient',5),(111,5,'Investigation','Not Proficient',2),(112,65,'Nature','Proficient',2),(113,86,'Survival','Expertise',3),(114,79,'Stealth','Expertise',2),(115,91,'Survival','Proficient',6),(116,94,'Arcana','Proficient',7),(117,32,'History','Proficient',4),(118,60,'Arcana','Proficient',1),(119,93,'Acrobatics','Proficient',5),(120,22,'Sleight of Hand','Not Proficient',7),(121,16,'Acrobatics','Expertise',5),(122,90,'Arcana','Expertise',7),(123,18,'Athletics','Expertise',4),(124,47,'Sleight of Hand','Proficient',4),(125,30,'Survival','Proficient',6),(127,59,'Animal Handling','Not Proficient',5),(128,1,'Stealth','Not Proficient',2),(129,56,'Acrobatics','Expertise',6),(130,53,'Perception','Not Proficient',1),(131,81,'Animal Handling','Expertise',5),(132,52,'Perception','Expertise',3),(133,63,'Investigation','Expertise',9),(134,21,'Nature','Proficient',9),(135,89,'Arcana','Proficient',9),(137,11,'History','Proficient',6),(138,69,'Intimidation','Proficient',2),(139,75,'Survival','Expertise',5),(142,57,'Perception','Proficient',8),(143,36,'Perception','Not Proficient',4),(144,35,'Intimidation','Expertise',6),(146,48,'Acrobatics','Not Proficient',7),(148,78,'Nature','Expertise',2),(150,38,'Intimidation','Proficient',5),(151,95,'Perception','Not Proficient',2),(152,29,'Perception','Expertise',9),(153,20,'Investigation','Expertise',2),(154,99,'Sleight of Hand','Proficient',5),(156,87,'Stealth','Not Proficient',6),(157,92,'Acrobatics','Expertise',5),(159,9,'Investigation','Not Proficient',9),(161,76,'Investigation','Not Proficient',9),(163,72,'Athletics','Not Proficient',3),(164,43,'Acrobatics','Expertise',1),(165,7,'Intimidation','Not Proficient',4),(168,46,'History','Proficient',8),(169,77,'Religion','Proficient',6),(170,80,'Intimidation','Proficient',7),(172,27,'Intimidation','Expertise',8),(176,24,'Athletics','Proficient',8),(177,25,'Athletics','Expertise',8),(184,96,'Animal Handling','Expertise',8),(186,26,'Intimidation','Proficient',8),(187,85,'Medicine','Proficient',6),(191,14,'History','Proficient',3),(192,31,'Acrobatics','Not Proficient',4),(194,33,'Survival','Expertise',5),(199,12,'Perception','Expertise',9);
/*!40000 ALTER TABLE `character_proficiencies` ENABLE KEYS */;
UNLOCK TABLES;

--
-- Table structure for table `character_spells`
--

DROP TABLE IF EXISTS `character_spells`;
/*!40101 SET @saved_cs_client     = @@character_set_client */;
/*!50503 SET character_set_client = utf8mb4 */;
CREATE TABLE `character_spells` (
  `characterSpellID` int NOT NULL AUTO_INCREMENT,
  `characterIDspell` int NOT NULL,
  `spellName` varchar(60) NOT NULL,
  `spellEffect` varchar(250) DEFAULT NULL,
  PRIMARY KEY (`characterSpellID`),
  UNIQUE KEY `characterSpellID_UNIQUE` (`characterSpellID`),
  KEY `characterIDspell_idx` (`characterIDspell`),
  CONSTRAINT `characterIDspell` FOREIGN KEY (`characterIDspell`) REFERENCES `character_basics` (`characterID`)
) ENGINE=InnoDB AUTO_INCREMENT=101 DEFAULT CHARSET=utf8mb4 COLLATE=utf8mb4_0900_ai_ci;
/*!40101 SET character_set_client = @saved_cs_client */;

--
-- Dumping data for table `character_spells`
--

LOCK TABLES `character_spells` WRITE;
/*!40000 ALTER TABLE `character_spells` DISABLE KEYS */;
INSERT INTO `character_spells` VALUES (1,92,'autem','Incidunt qui ad dolore et ut.'),(2,79,'qui','Architecto rerum quis dignissimos autem nisi numquam.'),(3,96,'porro','Magnam placeat blanditiis ut corporis vitae fugiat.'),(4,96,'iure','Vitae ut dolorem architecto unde.'),(5,23,'et','Magnam dolores ipsam quas recusandae quod.'),(6,99,'nostrum','Odit ut illum praesentium laudantium non qui.'),(7,74,'autem','Nam facilis iste quia aut cupiditate delectus placeat.'),(8,51,'reiciendis','Recusandae sequi delectus dolores doloribus molestias.'),(9,19,'repellat','Ut magnam distinctio quia provident nostrum.'),(10,15,'asperiores','Nam omnis nesciunt vitae atque non.'),(11,78,'aliquam','Id mollitia temporibus delectus quae.'),(12,65,'aut','Et facere similique laudantium rerum amet provident.'),(13,31,'velit','Fugit doloremque reiciendis quisquam nihil dignissimos.'),(14,20,'mollitia','Beatae unde qui ex et labore nemo nulla iure.'),(15,83,'earum','Tempore aut temporibus est velit dolorem qui corrupti.'),(16,42,'enim','Voluptas explicabo illum quidem eius.'),(17,13,'culpa','Repellendus delectus et voluptas.'),(18,28,'sed','Quis veniam a velit repellat enim.'),(19,49,'earum','Dolore ratione autem deserunt alias.'),(20,82,'est','Fugiat facere voluptatem ut enim.'),(21,93,'aperiam','Voluptatem et id voluptatum ducimus sapiente aut voluptas.'),(22,36,'quos','Asperiores laboriosam repellat dignissimos excepturi corporis corrupti.'),(23,44,'iusto','Nesciunt dolorem sit est repellat delectus animi exercitationem excepturi.'),(24,25,'odit','Mollitia et vel excepturi impedit molestiae voluptatem maxime.'),(25,31,'ipsam','Odit vel qui quisquam sequi.'),(26,24,'et','Molestiae animi quae voluptatem aliquam consequatur architecto iusto.'),(27,18,'est','Laudantium fugiat cupiditate mollitia rerum.'),(28,97,'hic','Voluptatem voluptatem fugit nemo rerum exercitationem ut.'),(29,65,'qui','Aut cum ratione corporis.'),(30,49,'atque','Blanditiis est magni error et praesentium quia.'),(31,77,'velit','Minima maxime iste ea delectus nam aliquid sit.'),(32,13,'quam','Esse animi voluptas dolorem dolorem quidem.'),(33,80,'et','Fuga officiis eveniet laudantium accusamus dolores est.'),(34,77,'veniam','Quis iusto ut velit libero totam inventore iusto.'),(35,86,'rerum','Doloremque et mollitia voluptas distinctio rerum.'),(36,19,'nihil','Accusantium ipsa vero id voluptates omnis.'),(37,28,'sequi','Debitis beatae sed rem rerum qui natus in.'),(38,83,'ducimus','Dolorem voluptatem ut blanditiis ipsum et ipsum sit.'),(39,81,'suscipit','Nostrum pariatur deserunt atque soluta totam omnis.'),(40,8,'commodi','Molestias sequi aliquid natus alias.'),(41,95,'voluptatem','Voluptatem optio fugiat dignissimos non.'),(42,83,'corporis','Deleniti delectus reiciendis blanditiis sunt ut dolorem.'),(43,94,'numquam','Aperiam et mollitia iusto commodi cum aut ut.'),(44,4,'omnis','Neque non vel et ex corporis.'),(45,31,'sit','Error doloribus quia enim nobis itaque.'),(46,33,'non','Excepturi velit laborum dolorem tempora mollitia voluptatibus provident.'),(47,93,'harum','Quia eos voluptate aut adipisci voluptate rerum.'),(48,62,'impedit','Eum in sit quo occaecati aut.'),(49,33,'accusamus','Reprehenderit et molestiae minima vitae dolores odit.'),(50,57,'minima','Dolorem aut porro nam.'),(51,2,'porro','Debitis nisi suscipit atque ducimus.'),(52,70,'incidunt','Voluptatum voluptas maxime tempora magni libero qui aut.'),(53,46,'veniam','Aspernatur pariatur est reiciendis.'),(54,6,'qui','Officia voluptatibus ut quaerat aut in ad.'),(55,73,'dignissimos','Quod molestiae animi vel.'),(56,69,'veritatis','Animi rerum aut ea enim consequatur iusto eaque.'),(57,63,'officiis','Voluptates et sapiente dolor.'),(58,29,'dolorum','Non libero dolorem ad et harum consequatur voluptate.'),(59,57,'doloribus','Qui rerum eum sed earum et recusandae dolore.'),(60,22,'nulla','Illo ad doloribus occaecati facilis soluta ex.'),(61,12,'in','Numquam nihil sint tenetur vitae.'),(62,77,'dolores','Quaerat beatae quis nostrum aut delectus magnam aliquam.'),(63,59,'facilis','At provident quos eum sequi impedit magnam iste.'),(64,94,'ipsam','Distinctio hic asperiores accusantium doloremque nemo consequatur eos.'),(65,7,'architecto','Eaque architecto incidunt sequi nemo.'),(66,25,'repudiandae','Enim ea quasi aut est tempore odit nostrum et.'),(67,59,'eveniet','Molestiae ipsa in porro inventore quidem ea et.'),(68,68,'ullam','Culpa eius autem at.'),(69,50,'non','Saepe dignissimos omnis eum sed voluptatem.'),(70,19,'quam','Rerum repellendus dolor a quaerat pariatur sed aspernatur.'),(71,67,'quia','Ea incidunt iure dolores assumenda aliquid.'),(72,75,'et','Nisi quos molestiae vel commodi labore aut.'),(73,86,'iusto','Nam odit qui ullam placeat.'),(74,88,'et','Aut sunt autem deleniti id ab recusandae alias.'),(75,57,'asperiores','Quia quaerat et sapiente provident sed voluptas.'),(76,92,'ab','Molestias culpa in qui unde rerum aut quia.'),(77,57,'sit','Sed sed pariatur facere beatae.'),(78,48,'placeat','Labore praesentium enim harum aliquam asperiores omnis.'),(79,47,'et','Sapiente ex aspernatur fugiat.'),(80,37,'magni','Quod enim earum doloribus saepe ratione accusamus qui.'),(81,78,'quasi','Consequatur ipsam enim sit officiis quidem officiis.'),(82,49,'sed','Deleniti omnis numquam ea quos.'),(83,81,'dolores','Quibusdam et rerum consequatur quo repellat.'),(84,36,'tenetur','Dignissimos debitis aliquam repudiandae quis a velit animi.'),(85,90,'distinctio','Deleniti odio dolorem modi perspiciatis recusandae.'),(86,51,'non','Qui quia eos provident et est quis.'),(87,49,'ea','Fugit dignissimos quia molestiae cupiditate.'),(88,61,'occaecati','Tenetur molestias eaque voluptate quo aliquam architecto ut.'),(89,95,'unde','Enim dolorem odit quia culpa aliquid.'),(90,9,'laudantium','Totam omnis sit adipisci vitae.'),(91,43,'nam','Quis possimus est aliquid at ab et.'),(92,35,'impedit','Ipsum nemo architecto est sed.'),(93,29,'omnis','Et non deleniti modi ipsam.'),(94,29,'qui','Doloremque tempore dolores ab sunt mollitia ut dolores.'),(95,67,'dicta','Et est porro quis ut consequuntur eum id quo.'),(96,5,'sequi','Eum facilis veniam odit alias.'),(97,32,'et','Enim atque aut nostrum harum.'),(98,57,'in','Et odit iusto occaecati.'),(99,65,'placeat','Iste commodi optio sed aspernatur hic numquam.'),(100,83,'blanditiis','Rerum harum ab reiciendis rem sequi dolorum voluptatem.');
/*!40000 ALTER TABLE `character_spells` ENABLE KEYS */;
UNLOCK TABLES;

--
-- Table structure for table `character_spellslots`
--

DROP TABLE IF EXISTS `character_spellslots`;
/*!40101 SET @saved_cs_client     = @@character_set_client */;
/*!50503 SET character_set_client = utf8mb4 */;
CREATE TABLE `character_spellslots` (
  `characterSlotID` int NOT NULL AUTO_INCREMENT,
  `characterIDspells` int NOT NULL,
  `spellSlotAvailable` int NOT NULL,
  `spellSlotLevel` int NOT NULL,
  `spellAttackModifier` int NOT NULL,
  `spellSaveDC` int NOT NULL,
  PRIMARY KEY (`characterSlotID`),
  UNIQUE KEY `characterSlotID_UNIQUE` (`characterSlotID`),
  UNIQUE KEY `characterIDspells_UNIQUE` (`characterIDspells`),
  CONSTRAINT `characterIDspells` FOREIGN KEY (`characterIDspells`) REFERENCES `character_basics` (`characterID`)
) ENGINE=InnoDB AUTO_INCREMENT=201 DEFAULT CHARSET=utf8mb4 COLLATE=utf8mb4_0900_ai_ci;
/*!40101 SET character_set_client = @saved_cs_client */;

--
-- Dumping data for table `character_spellslots`
--

LOCK TABLES `character_spellslots` WRITE;
/*!40000 ALTER TABLE `character_spellslots` DISABLE KEYS */;
INSERT INTO `character_spellslots` VALUES (101,30,5,2,3,3),(102,15,6,8,4,2),(103,65,3,1,9,7),(104,59,6,2,4,7),(105,42,2,8,1,1),(106,18,4,4,3,7),(107,45,4,3,1,5),(108,5,0,1,2,5),(109,49,8,9,2,2),(110,95,1,2,6,6),(111,2,7,9,4,4),(112,77,4,4,1,5),(113,91,8,6,2,1),(114,63,3,0,3,0),(115,24,5,5,6,9),(116,92,8,0,8,5),(117,68,2,6,8,9),(118,57,2,5,9,7),(119,4,1,6,1,9),(123,70,8,8,8,5),(124,11,5,0,7,9),(125,7,5,1,3,3),(126,94,4,3,0,0),(127,36,6,3,1,8),(130,13,6,0,7,1),(131,29,8,9,2,7),(132,51,2,2,0,5),(133,9,8,7,6,4),(134,17,5,9,9,3),(135,74,8,1,6,1),(137,76,0,2,2,5),(138,43,2,2,0,7),(141,35,6,6,2,3),(142,50,2,0,2,5),(143,40,3,9,4,5),(144,81,6,6,1,1),(146,89,6,0,2,0),(148,37,9,0,2,8),(149,54,3,9,3,1),(150,72,5,6,5,5),(152,28,4,2,8,9),(153,34,3,5,1,1),(154,87,5,3,7,0),(155,52,6,9,3,9),(158,73,4,6,1,6),(160,56,1,0,3,2),(161,32,5,7,9,8),(162,19,4,1,2,9),(163,66,3,5,0,0),(165,55,4,4,8,1),(167,99,7,3,2,1),(169,3,7,0,9,7),(171,38,6,8,8,0),(172,48,6,6,3,4),(175,14,6,4,6,7),(177,1,6,0,2,5),(178,22,0,3,3,1),(179,78,0,2,7,7),(180,39,8,4,9,6),(182,23,7,3,8,9),(183,62,2,6,7,8),(185,27,0,2,9,1),(188,98,6,2,6,0),(199,53,6,4,3,7),(200,67,2,7,5,4);
/*!40000 ALTER TABLE `character_spellslots` ENABLE KEYS */;
UNLOCK TABLES;

--
-- Table structure for table `character_stats`
--

DROP TABLE IF EXISTS `character_stats`;
/*!40101 SET @saved_cs_client     = @@character_set_client */;
/*!50503 SET character_set_client = utf8mb4 */;
CREATE TABLE `character_stats` (
  `characterStatKey` int NOT NULL AUTO_INCREMENT,
  `characterID` int NOT NULL,
  `characterSTR` int NOT NULL,
  `characterSTRSave` enum('Yes','No') NOT NULL DEFAULT 'No',
  `characterDEX` int NOT NULL,
  `characterDEXSave` enum('Yes','No') NOT NULL DEFAULT 'No',
  `characterCON` int NOT NULL,
  `characterCONSave` enum('Yes','No') NOT NULL DEFAULT 'No',
  `characterINT` int NOT NULL,
  `characterINTSave` enum('Yes','No') NOT NULL DEFAULT 'No',
  `characterWIS` int NOT NULL,
  `characterWISSave` enum('Yes','No') NOT NULL DEFAULT 'No',
  `characterCHA` int NOT NULL,
  `characterCHASave` enum('Yes','No') NOT NULL DEFAULT 'No',
  PRIMARY KEY (`characterStatKey`),
  UNIQUE KEY `characterStatKey_UNIQUE` (`characterStatKey`),
  KEY `characterID_idx` (`characterID`),
  CONSTRAINT `characterID` FOREIGN KEY (`characterID`) REFERENCES `character_basics` (`characterID`)
) ENGINE=InnoDB AUTO_INCREMENT=101 DEFAULT CHARSET=utf8mb4 COLLATE=utf8mb4_0900_ai_ci;
/*!40101 SET character_set_client = @saved_cs_client */;

--
-- Dumping data for table `character_stats`
--

LOCK TABLES `character_stats` WRITE;
/*!40000 ALTER TABLE `character_stats` DISABLE KEYS */;
INSERT INTO `character_stats` VALUES (1,71,0,'Yes',6,'No',6,'Yes',2,'Yes',1,'No',7,'No'),(2,71,1,'Yes',4,'Yes',2,'No',6,'Yes',9,'No',5,'No'),(3,59,1,'No',1,'No',1,'Yes',1,'Yes',7,'No',9,'Yes'),(4,37,4,'No',0,'No',1,'Yes',7,'Yes',4,'No',0,'No'),(5,73,2,'No',6,'No',4,'No',8,'Yes',0,'No',9,'Yes'),(6,36,1,'No',4,'No',1,'No',7,'No',1,'Yes',0,'Yes'),(7,85,7,'No',6,'No',4,'No',5,'Yes',5,'No',7,'Yes'),(8,7,5,'Yes',1,'No',2,'Yes',2,'No',1,'Yes',7,'No'),(9,64,9,'Yes',9,'Yes',4,'Yes',5,'No',9,'Yes',0,'No'),(10,25,8,'No',4,'Yes',9,'No',3,'No',6,'No',8,'No'),(11,44,4,'Yes',6,'No',9,'No',8,'No',8,'No',4,'No'),(12,52,1,'Yes',4,'No',6,'Yes',0,'No',8,'Yes',4,'No'),(13,13,8,'Yes',2,'No',9,'No',3,'No',9,'Yes',6,'No'),(14,33,0,'Yes',3,'No',3,'Yes',5,'No',8,'Yes',4,'Yes'),(15,1,7,'Yes',1,'Yes',1,'Yes',7,'Yes',9,'Yes',0,'Yes'),(16,50,9,'Yes',3,'Yes',0,'Yes',0,'Yes',6,'No',2,'No'),(17,46,5,'Yes',9,'Yes',4,'Yes',6,'Yes',6,'Yes',2,'No'),(18,15,6,'No',0,'No',0,'Yes',6,'Yes',0,'No',6,'Yes'),(19,30,8,'Yes',3,'No',3,'Yes',2,'Yes',7,'No',3,'No'),(20,3,7,'No',0,'Yes',8,'Yes',9,'Yes',9,'No',3,'Yes'),(21,2,4,'No',0,'Yes',7,'No',0,'No',0,'No',9,'No'),(22,40,8,'Yes',6,'Yes',2,'Yes',7,'No',1,'No',9,'Yes'),(23,35,1,'No',2,'Yes',2,'No',8,'No',4,'No',2,'Yes'),(24,31,4,'No',5,'No',1,'No',6,'No',9,'Yes',2,'No'),(25,33,1,'Yes',2,'No',0,'Yes',6,'Yes',2,'No',7,'No'),(26,32,7,'No',9,'Yes',1,'Yes',5,'No',4,'Yes',6,'No'),(27,41,8,'No',9,'Yes',5,'Yes',5,'Yes',3,'Yes',2,'No'),(28,69,3,'No',4,'No',3,'Yes',6,'No',9,'Yes',3,'No'),(29,51,9,'No',6,'Yes',2,'No',0,'Yes',6,'Yes',4,'Yes'),(30,54,6,'No',3,'No',2,'No',3,'No',2,'No',4,'No'),(31,95,0,'Yes',5,'No',3,'No',6,'No',2,'Yes',9,'No'),(32,97,8,'No',9,'No',6,'Yes',0,'No',6,'Yes',5,'Yes'),(33,57,8,'No',9,'Yes',6,'No',9,'No',0,'No',5,'Yes'),(34,79,7,'Yes',7,'Yes',3,'Yes',6,'No',5,'No',2,'Yes'),(35,82,4,'Yes',4,'Yes',5,'No',4,'No',2,'Yes',6,'Yes'),(36,76,2,'No',8,'Yes',7,'No',9,'Yes',4,'No',0,'No'),(37,19,5,'Yes',0,'No',6,'No',7,'No',9,'Yes',9,'Yes'),(38,94,2,'Yes',7,'Yes',5,'Yes',6,'No',2,'No',1,'Yes'),(39,31,6,'No',3,'Yes',7,'No',9,'No',9,'Yes',8,'Yes'),(40,25,9,'No',9,'No',6,'Yes',4,'Yes',1,'No',5,'Yes'),(41,85,0,'Yes',0,'Yes',4,'Yes',7,'Yes',7,'Yes',3,'No'),(42,65,9,'No',0,'Yes',0,'No',6,'No',5,'No',0,'No'),(43,27,1,'No',1,'No',9,'No',7,'No',0,'No',2,'Yes'),(44,54,7,'No',0,'No',8,'Yes',8,'Yes',9,'Yes',5,'No'),(45,59,0,'No',4,'No',7,'No',1,'No',3,'No',3,'No'),(46,22,5,'Yes',8,'Yes',0,'Yes',8,'No',3,'No',9,'No'),(47,85,7,'Yes',9,'No',4,'No',0,'Yes',2,'Yes',8,'Yes'),(48,18,3,'No',6,'No',2,'Yes',9,'No',4,'No',9,'Yes'),(49,28,4,'Yes',9,'No',8,'Yes',4,'Yes',5,'Yes',2,'No'),(50,82,3,'Yes',2,'No',5,'No',8,'No',8,'Yes',9,'No'),(51,72,1,'Yes',4,'Yes',0,'No',3,'Yes',0,'No',0,'No'),(52,98,6,'No',2,'No',2,'No',6,'No',9,'Yes',0,'Yes'),(53,8,5,'No',2,'Yes',9,'Yes',2,'Yes',5,'No',0,'Yes'),(54,75,1,'No',8,'No',5,'Yes',3,'Yes',3,'Yes',3,'Yes'),(55,37,0,'No',4,'No',5,'No',1,'Yes',4,'No',4,'Yes'),(56,10,1,'No',2,'Yes',9,'Yes',8,'No',2,'No',3,'No'),(57,39,1,'No',1,'No',4,'Yes',6,'No',4,'Yes',7,'Yes'),(58,36,0,'Yes',5,'No',2,'Yes',5,'No',9,'No',2,'No'),(59,27,3,'Yes',2,'Yes',6,'Yes',2,'Yes',2,'Yes',3,'No'),(60,25,5,'No',9,'Yes',7,'No',6,'No',8,'Yes',5,'Yes'),(61,96,4,'Yes',4,'No',0,'No',8,'Yes',2,'No',7,'No'),(62,64,1,'No',2,'Yes',8,'No',1,'Yes',5,'Yes',3,'No'),(63,68,3,'Yes',1,'No',7,'Yes',4,'Yes',8,'Yes',4,'No'),(64,54,1,'Yes',8,'Yes',0,'Yes',9,'Yes',1,'No',6,'Yes'),(65,93,8,'Yes',3,'No',7,'No',6,'Yes',0,'No',1,'Yes'),(66,82,3,'Yes',0,'Yes',7,'No',5,'Yes',2,'Yes',7,'Yes'),(67,49,6,'Yes',0,'No',7,'No',3,'Yes',2,'No',6,'No'),(68,7,8,'No',5,'Yes',7,'Yes',4,'No',4,'No',6,'No'),(69,97,4,'Yes',2,'No',7,'Yes',8,'No',2,'Yes',2,'No'),(70,35,6,'No',0,'Yes',2,'No',6,'Yes',3,'No',7,'No'),(71,35,1,'Yes',5,'No',9,'No',7,'No',9,'No',0,'No'),(72,55,7,'No',4,'Yes',5,'No',2,'Yes',4,'No',2,'No'),(73,39,6,'Yes',3,'No',2,'Yes',9,'No',4,'Yes',1,'Yes'),(74,24,3,'Yes',3,'No',7,'No',1,'Yes',1,'No',6,'No'),(75,21,4,'Yes',6,'Yes',2,'Yes',4,'Yes',8,'No',8,'Yes'),(76,88,2,'Yes',0,'Yes',2,'No',1,'Yes',0,'No',8,'Yes'),(77,48,2,'No',6,'No',9,'Yes',2,'No',7,'Yes',9,'No'),(78,23,8,'No',3,'No',4,'Yes',6,'Yes',2,'No',2,'No'),(79,7,9,'No',0,'No',1,'Yes',8,'Yes',2,'No',1,'Yes'),(80,90,9,'Yes',3,'Yes',7,'Yes',2,'Yes',7,'No',8,'Yes'),(81,82,5,'Yes',5,'No',4,'No',2,'No',3,'No',5,'No'),(82,48,2,'Yes',5,'Yes',9,'No',2,'Yes',8,'No',9,'Yes'),(83,21,8,'Yes',8,'No',5,'No',3,'No',6,'Yes',8,'Yes'),(84,64,9,'No',9,'No',5,'Yes',1,'Yes',4,'No',8,'No'),(85,26,3,'Yes',7,'Yes',3,'Yes',7,'Yes',6,'Yes',8,'No'),(86,60,3,'No',4,'No',9,'No',7,'No',2,'Yes',7,'Yes'),(87,2,3,'No',8,'Yes',8,'No',9,'Yes',2,'No',2,'No'),(88,11,8,'No',0,'Yes',3,'Yes',1,'No',7,'No',2,'Yes'),(89,44,0,'Yes',5,'No',5,'Yes',9,'No',7,'No',1,'No'),(90,2,1,'No',0,'Yes',1,'Yes',6,'Yes',1,'Yes',5,'Yes'),(91,73,8,'No',4,'Yes',6,'No',9,'No',4,'No',0,'No'),(92,90,1,'Yes',0,'Yes',2,'Yes',6,'No',1,'No',6,'Yes'),(93,89,4,'Yes',4,'Yes',4,'No',0,'No',2,'Yes',1,'No'),(94,19,4,'No',3,'No',8,'Yes',7,'No',4,'No',0,'Yes'),(95,57,3,'Yes',8,'Yes',4,'Yes',0,'No',2,'Yes',1,'Yes'),(96,8,6,'Yes',3,'No',2,'Yes',6,'Yes',8,'No',3,'No'),(97,74,9,'Yes',8,'No',1,'No',2,'Yes',2,'Yes',6,'Yes'),(98,18,6,'No',2,'No',4,'No',9,'Yes',6,'Yes',5,'No'),(99,58,7,'Yes',3,'No',4,'No',5,'Yes',4,'Yes',9,'Yes'),(100,23,9,'No',1,'No',4,'No',5,'Yes',3,'No',7,'No');
/*!40000 ALTER TABLE `character_stats` ENABLE KEYS */;
UNLOCK TABLES;

--
-- Table structure for table `character_tools`
--

DROP TABLE IF EXISTS `character_tools`;
/*!40101 SET @saved_cs_client     = @@character_set_client */;
/*!50503 SET character_set_client = utf8mb4 */;
CREATE TABLE `character_tools` (
  `characterToolID` int NOT NULL AUTO_INCREMENT,
  `characterIDTool` int NOT NULL,
  `toolName` varchar(45) NOT NULL,
  `toolDescription` varchar(150) DEFAULT NULL,
  PRIMARY KEY (`characterToolID`),
  UNIQUE KEY `characterToolsID_UNIQUE` (`characterToolID`),
  KEY `characterIDTool_idx` (`characterIDTool`),
  CONSTRAINT `characterIDTool` FOREIGN KEY (`characterIDTool`) REFERENCES `character_basics` (`characterID`)
) ENGINE=InnoDB AUTO_INCREMENT=101 DEFAULT CHARSET=utf8mb4 COLLATE=utf8mb4_0900_ai_ci;
/*!40101 SET character_set_client = @saved_cs_client */;

--
-- Dumping data for table `character_tools`
--

LOCK TABLES `character_tools` WRITE;
/*!40000 ALTER TABLE `character_tools` DISABLE KEYS */;
INSERT INTO `character_tools` VALUES (1,69,'maxime','Explicabo quidem officia et. Mollitia consectetur nisi est. Quia ad ratione inventore quaerat nostrum dolores dolores exercitationem. Perferendis non '),(2,3,'eum','Repellendus voluptas eos nemo velit ipsam dolores rem reprehenderit. Minus molestiae in facere tempore. Consequatur dolores magnam blanditiis et. Pers'),(3,60,'voluptatum','Qui perspiciatis amet labore ut. Hic hic sed velit qui. Reprehenderit hic temporibus cumque et pariatur totam laborum. Fugiat aut et voluptas sapiente'),(4,95,'laudantium','Facere porro in velit voluptate. Consequatur sequi ut eveniet deleniti autem aut sequi. Et sint non debitis quia et accusantium.'),(5,4,'voluptatibus','Accusantium quia facilis quia perferendis. Tempora error maxime autem qui. Suscipit quia modi neque fugit nisi aut inventore. Dicta quia et sit nostru'),(6,88,'iste','Qui pariatur aut qui quasi provident. Sit cupiditate cum ut cumque qui. Qui perferendis similique distinctio.'),(7,39,'deleniti','Eveniet est atque sint cupiditate corrupti rerum. Ut illo expedita sapiente incidunt possimus numquam. Neque minima autem architecto sunt iusto ullam '),(8,96,'fugiat','Consequatur deserunt rerum dolor omnis cupiditate tempore assumenda. Quis consequuntur voluptatibus et voluptas.'),(9,91,'iure','Vero vel voluptas architecto suscipit in sed. Iusto sed temporibus tenetur rerum laboriosam reiciendis cupiditate. Tempore placeat quibusdam omnis nec'),(10,54,'culpa','Error est pariatur commodi sit ex. Eius pariatur rerum aliquid a in suscipit quia quos. Cum aut laboriosam eius quisquam. Expedita eaque molestiae vol'),(11,97,'sapiente','Qui recusandae ab repudiandae qui cum dolorem. Aut consectetur molestiae quia non ipsum beatae. Eveniet dicta asperiores ut et aut. Libero minus quam '),(12,22,'ut','Doloribus harum ut ipsam est. Qui sunt quo aliquid eaque et vel. Rerum voluptatum tenetur sint maiores. Accusamus omnis quod et eum tempora.'),(13,45,'ea','Voluptas molestiae iure ex aut blanditiis qui. Quaerat porro quas vel. Cupiditate nisi repellendus ut aliquid repellat magnam in.'),(14,58,'repellat','Quia nemo blanditiis est aut non numquam molestiae. Vitae recusandae et nobis officiis autem ex. Ipsum totam at quod odio aut quia quasi.'),(15,13,'iusto','Nostrum velit tempore voluptatem nostrum nulla. Sed sint debitis unde et voluptatibus vel autem. Dolor id est numquam sint. Id quis iure vel aut volup'),(16,72,'deleniti','Sequi nihil maxime non voluptatem perferendis ea repellat. Sit rerum placeat magnam. Omnis placeat ex illo neque.'),(17,33,'voluptatum','Ipsa expedita aut nam fugiat delectus. Quisquam incidunt qui et consequatur. Quasi quis delectus in nihil id quos. Fugit non saepe eos.'),(18,49,'cupiditate','Quis et sed sint eum quaerat. Enim voluptatem aut sint illo. Qui eveniet amet repudiandae consequuntur sit molestiae qui.'),(19,25,'itaque','Quisquam repudiandae officia quia quasi. Consequuntur eveniet sapiente cupiditate eum ipsum distinctio nulla. Dignissimos est quibusdam qui perferendi'),(20,48,'et','Facere facilis necessitatibus velit magnam laboriosam. Ducimus consequuntur deleniti illum quos commodi provident. Officia deserunt maiores magni. Qui'),(21,31,'dolores','Porro nisi id tenetur hic repudiandae id. Excepturi nihil molestiae eos doloribus harum veniam nemo. Dolorum perspiciatis aspernatur natus harum elige'),(22,68,'et','Iusto dolorem sunt unde a dolorem. Hic ullam voluptas est quis qui voluptatibus excepturi. Deleniti quaerat distinctio culpa quo reprehenderit corpori'),(23,45,'eos','Magni nostrum repellendus omnis qui aut quo et. Asperiores impedit aliquam voluptatibus praesentium sit. Ut blanditiis vero nobis asperiores unde faci'),(24,76,'quaerat','Veniam blanditiis neque perferendis nihil ut cum. Quisquam et esse voluptatum sunt. Dolorum quam eum aperiam et saepe fugiat earum. Neque non dolores '),(25,77,'beatae','Sunt accusamus ut maxime debitis repellat ducimus laudantium. Quidem iusto velit omnis quia. Hic quia autem dolor perferendis blanditiis ab accusamus.'),(26,49,'consectetur','Eos neque qui alias culpa ea sunt officia ea. Deleniti qui enim adipisci dolorem doloribus qui. Ut velit deserunt quos animi et nihil. Dolore est sequ'),(27,91,'dolor','Sit ipsam amet ut nulla facere distinctio praesentium. Sunt dolores ut sunt non ipsum harum. Aut harum sunt quos omnis velit modi eos.'),(28,37,'saepe','Voluptate odio sed quia officia. Natus exercitationem nihil omnis aut dolor earum ratione. Sed alias velit impedit voluptates ut eos et temporibus.'),(29,36,'possimus','Consequatur aut facere accusantium totam quos ut aperiam. Qui velit soluta eaque natus et eligendi. Eum eligendi corrupti quia dignissimos.'),(30,4,'quasi','Placeat commodi facilis laboriosam enim aut laboriosam. Nostrum praesentium est quo alias aperiam. Iure omnis exercitationem dolorem fugit neque.'),(31,40,'blanditiis','Dolores veritatis dolores praesentium ipsum aliquid tempore suscipit. Veniam eius perferendis quia. Eum illum dolores sit tempora explicabo culpa.'),(32,70,'et','Sequi eos ipsa sint. Expedita nam reprehenderit aut inventore. Dicta porro consequatur qui aperiam ex explicabo repellendus.'),(33,23,'veniam','Quas qui dolores sunt dolorem. Quis quo ut aut. Distinctio corrupti quod maiores ut nostrum minima maxime. Non laudantium tenetur aut ut.'),(34,92,'sed','Et ipsam rerum et itaque nobis ut. Voluptas velit odio sit quia iusto. Ut animi perspiciatis aut nobis repellendus eum quam. Vel magnam consectetur na'),(35,98,'eligendi','Perspiciatis facere delectus debitis. Doloremque excepturi perferendis blanditiis facere expedita. Perspiciatis amet voluptatem natus nostrum sequi ma'),(36,96,'quam','Voluptatem culpa asperiores dolor ratione corporis laudantium id. Optio ipsam quaerat ipsam laudantium incidunt voluptatem. Soluta vero consequatur ea'),(37,32,'placeat','Quam nobis rerum quasi quia molestiae aliquam. Libero aut praesentium ipsa modi. Ipsa ut est aperiam consequuntur debitis ex natus est. Commodi est qu'),(38,81,'accusamus','Quisquam illo harum odio odio in possimus. Illum dicta incidunt consequatur et. Ut quas quia asperiores vero ipsam debitis ea.'),(39,27,'provident','Recusandae voluptates dolorem consectetur doloremque accusantium voluptas perspiciatis dolore. Dignissimos animi voluptatem soluta voluptatem quia. Qu'),(40,55,'libero','Sint quo quis inventore quod asperiores. Optio quas et nemo reiciendis eum. Qui veniam porro sint eius esse.'),(41,53,'illum','Ipsam consequatur odio et quis maiores ullam sed. Impedit aperiam dolor consectetur aut assumenda omnis. Nemo rerum quia eaque eveniet ratione itaque '),(42,16,'odit','Sed dolorem omnis odit voluptatem veritatis sapiente explicabo. Rerum voluptatem repellat in aliquid molestias suscipit quo.'),(43,78,'sunt','Dolorem nihil molestiae ad minima. Deleniti sint adipisci aliquam autem iste. Eius neque et eaque.'),(44,13,'placeat','Eveniet sapiente nobis eos neque vel est aut. Eius laboriosam aliquam natus officiis iusto. Et expedita et error adipisci alias quas ut.'),(45,70,'qui','Omnis quia est quod quo quas quisquam. Beatae architecto odio omnis quas necessitatibus qui aut. Explicabo asperiores voluptatem quis vero quis. Quaer'),(46,81,'illo','Eos expedita a ducimus. Consequatur voluptas inventore molestiae aut. Blanditiis assumenda totam quas id tempora in distinctio tempore.'),(47,43,'deleniti','Pariatur nihil eum quidem praesentium. Consequatur laudantium et neque fuga non ut eveniet. Molestias saepe ut dolorem.'),(48,26,'deleniti','Qui ad eos excepturi culpa ipsa voluptatum iste. Molestiae laborum aut occaecati voluptas et quod optio. Nobis qui porro fugit reprehenderit vel delec'),(49,26,'doloremque','Laboriosam ipsum in itaque aliquam optio quidem. Officia est enim provident saepe iste sapiente cum. Assumenda soluta soluta quibusdam iste. Voluptatu'),(50,37,'corporis','Odit et voluptas aut libero quia nisi. Laudantium nobis consequatur ut voluptas et inventore. Natus commodi autem aliquam rem sunt et quos.'),(51,1,'repellat','Molestiae voluptates et perspiciatis quod et. Deserunt excepturi explicabo maiores facilis corporis quo quasi nobis.'),(52,31,'reprehenderit','Dolore magnam fugiat dolorem. Tenetur et et rerum corrupti. Consequatur distinctio ipsum non qui veritatis qui. Minima ad qui provident dolor rerum se'),(53,12,'eligendi','Autem aut omnis aperiam dicta. Et earum alias aut sint. Perspiciatis quos nisi accusantium.'),(54,68,'cumque','Repellendus amet illum maxime dolorem eos eos. Voluptatibus hic quam deserunt perferendis voluptatum rerum. Itaque rerum vitae dolores facilis nesciun'),(55,69,'omnis','Praesentium rerum eum doloribus praesentium enim odio. Quae excepturi maiores maxime veritatis. Molestiae neque accusamus et quia ducimus voluptatum i'),(56,44,'culpa','Necessitatibus laboriosam officia fuga magni voluptas. Et et et voluptate neque dolores architecto voluptatem eum.'),(57,34,'quia','Omnis qui dolore neque dignissimos qui est cupiditate eos. Delectus libero delectus alias sit vel dolor. Non saepe consectetur saepe quo animi. Explic'),(58,96,'ut','A praesentium at dolorem cumque. Veniam aspernatur voluptas ex. Corrupti non dolorem quae deserunt.'),(59,82,'veniam','Dolorem eligendi voluptatem qui debitis est accusamus. Quis nostrum cumque architecto iure rerum et. Placeat voluptatem et et voluptatem. Dolorum anim'),(60,83,'eveniet','Molestias voluptatem aliquid et. Alias laudantium veniam corrupti. Molestiae non ea nulla ut illo.'),(61,80,'quis','Qui deserunt at quae optio quae voluptatem. Ratione est itaque explicabo ab repellendus. Pariatur est in incidunt ut ut quo quo. Dolorem doloribus vol'),(62,14,'sequi','Consequatur consequatur numquam aut quis. Est ut aliquam sed qui quam. Consequatur ratione quae sed facere consequatur officia.'),(63,82,'ad','Sit dolorem in qui fugit quas. Qui sit dignissimos dolorem unde voluptatem quos rem.'),(64,90,'ut','Dignissimos minus quo corrupti ut facilis. Veritatis animi qui ea. Doloremque ducimus cumque voluptas et laboriosam nam. Repellendus et molestiae cons'),(65,92,'sed','Tempore blanditiis doloribus explicabo corporis et deleniti. Ea facere eos quia. Est architecto praesentium officiis et.'),(66,4,'ratione','Nihil quasi dolores aut rerum. Iure et eaque quas quo ea sapiente in. Consequatur atque omnis sed sit ducimus rerum.'),(67,81,'repudiandae','Omnis tenetur voluptatem expedita suscipit. Quae quis voluptas enim voluptatem dignissimos incidunt incidunt. Iusto beatae et tempore sit est.'),(68,53,'est','Quidem vel dolores voluptas ut repudiandae. Saepe provident est ut quis possimus. Sed voluptatem et blanditiis voluptas dolor.'),(69,31,'et','Enim numquam impedit eius sunt qui et. Commodi doloribus minima molestias quisquam mollitia maiores voluptatem necessitatibus. Qui esse nihil aut sapi'),(70,97,'consequatur','Ullam omnis quia culpa et cupiditate itaque est. Est saepe et molestiae voluptatem repudiandae. Excepturi possimus ut et dolore ullam maiores. Rerum i'),(71,94,'minus','Non harum et accusantium quidem quia numquam aspernatur. Iure consectetur saepe id velit non omnis. Iure consequuntur autem nisi qui earum.'),(72,56,'animi','Quae officiis fuga iusto velit. Officiis quis quia quibusdam quia quo tempore. Itaque sunt accusantium repellendus nemo quo natus rerum.'),(73,93,'enim','Hic ratione quia quidem facilis. Blanditiis non praesentium numquam molestias. Autem aut non et dolorem incidunt assumenda nihil sequi. Ea quisquam of'),(74,12,'reiciendis','Sunt sunt vel perspiciatis ut nisi perspiciatis. Porro dignissimos porro molestias commodi esse est quaerat qui. Aliquam consequatur minima consectetu'),(75,53,'explicabo','Aut rerum ipsam iure inventore aut reiciendis. Adipisci minus dolor voluptatem laudantium ad odit nisi suscipit. Facilis distinctio a debitis consequa'),(76,7,'sed','Cupiditate est quia aut debitis amet ut. Saepe aperiam omnis laboriosam itaque in. Odit nobis aspernatur ipsam sequi sint amet sed. Aperiam quos nihil'),(77,2,'perspiciatis','Ut corporis aut molestias et voluptas quia. Voluptatum soluta mollitia quos est quia labore sunt. In maiores enim totam quidem. Quo quaerat quod paria'),(78,18,'quisquam','Molestiae ratione consequuntur et rerum cupiditate et. Vel aspernatur asperiores quibusdam cumque aspernatur.'),(79,74,'officiis','Quis id omnis illum quas. Quia optio enim iure aliquam deleniti quia porro. Id esse non quo nobis et sapiente suscipit. Aut soluta non libero beatae d'),(80,79,'ea','Necessitatibus quam nostrum blanditiis soluta eos atque. Sit nisi non consequuntur quasi ex est. Perferendis assumenda suscipit ea laborum.'),(81,28,'id','Aperiam deleniti non aut impedit veniam. Est provident voluptatem et aut. Et libero aliquid iusto.'),(82,41,'hic','Occaecati est sed voluptas modi ea ad. Tenetur qui in omnis blanditiis. Id voluptatem ab et fugiat natus. Quos distinctio earum eum ut amet iste dolor'),(83,69,'sit','Quaerat sit voluptatibus eum earum. Consequatur veniam et magni fugit possimus. Rem nihil ea fuga et aut id molestias vel.'),(84,17,'et','Hic rerum tenetur voluptate enim dolorum. Soluta quo unde et aliquam sint. Dolor rerum eum possimus vitae quod. Voluptatibus quaerat asperiores conseq'),(85,64,'possimus','Minima ea dolorem vel totam. Quo illo reprehenderit neque voluptatem fugit et ea. Voluptate praesentium impedit dolores quod non non. Et repellat rati'),(86,7,'non','Eligendi sint enim eveniet. Cum animi corporis minima nisi ex. Distinctio doloremque dolorem cumque quis nihil ipsum.'),(87,26,'alias','Culpa non quo voluptate quis quos. Placeat illo possimus in deleniti vitae et omnis magnam. Maxime cumque sit optio quis magnam dolores nihil.'),(88,25,'totam','Suscipit sint ab quia aut id nulla dolor. Impedit repellendus libero temporibus cum enim sunt exercitationem.'),(89,96,'harum','Est quia est voluptas sint facilis earum consequatur. Aut nulla est velit consequatur iure. Voluptas dolorem placeat autem distinctio aut eos. Rerum q'),(90,70,'impedit','Pariatur nesciunt illo minima laudantium nesciunt quis. Sit pariatur assumenda nobis asperiores illo qui. Sed quia beatae nobis minima repellat aperia'),(91,70,'quasi','Dicta aut dignissimos atque ea et repudiandae optio. Quia rerum minima ipsum. Sint deserunt consequatur ut sint magni.'),(92,53,'sapiente','Eius deleniti sunt non placeat cum. Omnis dolor sed ullam quis eos. Nam ut soluta consequatur sapiente.'),(93,21,'rem','Assumenda et ut soluta natus atque expedita culpa minima. Omnis dolorem dolores amet earum. Quisquam autem eos cum explicabo. Aliquid cumque laudantiu'),(94,14,'officiis','Fuga velit ipsum ad iusto cumque unde. Nulla possimus provident consequatur culpa. Iste ut dolores quasi et dignissimos qui eaque. Tenetur est qui nih'),(95,44,'ut','Sunt ut veniam quo non est. Nisi amet saepe eveniet vel mollitia repellendus incidunt. Nemo tempore fugit exercitationem fugiat. Quam et illo tempore '),(96,9,'quia','Ut facere maxime ut voluptatem ea et in animi. Dolore reiciendis sit saepe totam quisquam quo sed facere. Dolorum quas quidem ut sed. Exercitationem v'),(97,49,'neque','Corporis distinctio beatae ut voluptatibus quia earum. Eaque odit harum ut dignissimos officiis. Reiciendis et quas repellat ratione rerum. Reprehende'),(98,35,'reprehenderit','Aut sint omnis quam sit omnis. Perspiciatis voluptatibus sunt quibusdam rerum error.'),(99,97,'accusantium','Assumenda magnam quasi voluptatibus dolores et esse aut eos. A voluptas suscipit repellendus facere in consequatur iusto.'),(100,60,'eaque','Officiis omnis earum quas placeat. Qui qui ea deserunt eaque est a optio. Qui velit praesentium nobis sed quia. Vel voluptas sapiente consequatur eos.');
/*!40000 ALTER TABLE `character_tools` ENABLE KEYS */;
UNLOCK TABLES;

--
-- Table structure for table `character_weapons`
--

DROP TABLE IF EXISTS `character_weapons`;
/*!40101 SET @saved_cs_client     = @@character_set_client */;
/*!50503 SET character_set_client = utf8mb4 */;
CREATE TABLE `character_weapons` (
  `weaponID` int NOT NULL AUTO_INCREMENT,
  `characterIDweapon` int NOT NULL,
  `weaponName` varchar(60) NOT NULL,
  `weaponAttackBonus` int NOT NULL,
  `weaponDamage` varchar(30) NOT NULL,
  `weaponDescription` varchar(250) DEFAULT NULL,
  `weaponRange` int NOT NULL,
  PRIMARY KEY (`weaponID`),
  UNIQUE KEY `weaponID_UNIQUE` (`weaponID`),
  KEY `characterIDweapon_idx` (`characterIDweapon`),
  CONSTRAINT `characterIDweapon` FOREIGN KEY (`characterIDweapon`) REFERENCES `character_basics` (`characterID`)
) ENGINE=InnoDB AUTO_INCREMENT=101 DEFAULT CHARSET=utf8mb4 COLLATE=utf8mb4_0900_ai_ci;
/*!40101 SET character_set_client = @saved_cs_client */;

--
-- Dumping data for table `character_weapons`
--

LOCK TABLES `character_weapons` WRITE;
/*!40000 ALTER TABLE `character_weapons` DISABLE KEYS */;
INSERT INTO `character_weapons` VALUES (1,66,'accusamus',2,'suscipit','Vel non ratione enim et recusandae. Quis culpa explicabo perferendis nihil quis adipisci est voluptatem. Ut vitae sint blanditiis eum optio dolore maxime.',9),(2,71,'sed',8,'aut','Omnis est laudantium ab facilis sed aliquid. Incidunt voluptatibus eius itaque voluptatibus ut saepe modi. Id velit ratione id. Ducimus tenetur et nihil non delectus a quidem fugiat.',1),(3,14,'velit',8,'aliquid','Et ipsum veniam vero fuga est. Atque pariatur sed debitis consequatur possimus nihil. Aperiam est facilis debitis id repudiandae veniam. Quo corporis architecto assumenda voluptates officiis recusandae dicta.',0),(4,45,'placeat',7,'iure','Ut ut porro quo. Magni itaque animi assumenda facere culpa saepe cumque. Ipsum fugit voluptas fuga. Accusantium quisquam et exercitationem consectetur. Repellendus et dolor laboriosam non sit.',3),(5,69,'nihil',6,'laboriosam','Explicabo eius eos nemo assumenda dolor quo voluptas. A in non quia et dolor ducimus. Architecto autem quibusdam fugiat aliquid architecto est et.',6),(6,6,'ut',2,'aut','Vero sit consequuntur perspiciatis. Animi aut perferendis eius iste. Ullam placeat sed vel suscipit. Eaque deserunt vel eligendi dolorum dicta doloribus. Facere ratione qui quidem fugiat.',6),(7,29,'qui',8,'quia','Vel quae dolor odit quam quidem voluptas. Minima neque illum vel quia. Rerum enim quia sint corporis neque. Ut quidem ducimus ut quod dolore.',5),(8,32,'quaerat',3,'ipsum','Illo inventore earum consequatur eveniet quia illum nesciunt. Exercitationem quia rem quisquam nihil illo at.',2),(9,76,'impedit',7,'consequatur','Possimus explicabo placeat ut id numquam nobis qui. Quidem libero nesciunt nostrum. Aut sint est hic est ut magnam. Adipisci ut hic natus vel optio.',8),(10,58,'et',4,'voluptatem','Iusto et nihil animi sit fuga ipsam libero. Ducimus dicta nam sit labore natus aut ut beatae. Neque facere ad harum ullam.',5),(11,9,'qui',1,'et','Ipsum dolorum ullam quam. Et excepturi commodi quo.',3),(12,27,'ipsa',2,'rerum','Laboriosam consectetur ratione quo adipisci. Quo non hic qui quia. Amet voluptas porro minima expedita perspiciatis rerum necessitatibus.',7),(13,84,'autem',6,'excepturi','Aut est distinctio dolor iusto corporis blanditiis. Autem sit vel tempore itaque repellendus voluptatem a. Sunt deserunt ad incidunt magnam saepe.',2),(14,27,'cupiditate',7,'ut','Omnis quia doloremque sed occaecati autem inventore sit. Voluptatem est numquam quidem asperiores dolor. Magni et perferendis corrupti.',7),(15,34,'id',3,'ut','Ducimus quasi voluptate ullam dolorem sit illum. Totam dolorum facere quis quasi nostrum molestiae ut expedita.',7),(16,58,'eveniet',7,'nesciunt','Libero consequatur ut distinctio est eos minima. Id officia inventore accusantium nam ea ipsam architecto. Minus velit et dolore reiciendis natus inventore et. Quia impedit occaecati adipisci qui.',7),(17,22,'vitae',6,'aut','Sed quia nam aut doloremque architecto aut. Voluptates recusandae quam explicabo est. Necessitatibus ad magni saepe possimus. Culpa laudantium consequatur quo et.',9),(18,89,'aut',4,'ut','Consequuntur accusantium asperiores voluptas ea. Sint repudiandae qui consequatur enim delectus. Quasi voluptatem quaerat veniam dignissimos itaque aspernatur. Ducimus ad delectus aspernatur facilis tenetur labore repudiandae sapiente.',1),(19,25,'illo',1,'et','Dolorum accusamus voluptatem quis facilis maiores dicta rerum. Est perspiciatis minus vero blanditiis modi. Dolorem temporibus accusantium autem quis facere. Voluptatem expedita voluptatem tempora magni molestiae sed aut. Quo harum incidunt aliquam.',6),(20,10,'dignissimos',8,'exercitationem','Maiores repudiandae consequatur voluptatem est tempore excepturi. Aperiam dolor deserunt ducimus vel aut. Quo et deleniti qui nesciunt. Magnam distinctio maxime reprehenderit sunt.',3),(21,83,'totam',6,'sequi','A quas temporibus dignissimos sunt voluptate totam. Sed animi dolores accusantium maiores et eum repellat natus. Quibusdam odio praesentium eveniet hic molestias. Ea facilis dolores perferendis veritatis.',7),(22,80,'culpa',4,'illo','Ea ea molestiae praesentium earum. Veniam cumque atque dignissimos error. Corporis eveniet nobis perspiciatis neque aut.',4),(23,92,'animi',5,'aut','Aut quaerat eaque amet consequatur atque voluptas sit. Necessitatibus assumenda hic ad ut laborum. Quisquam qui consequatur sapiente reprehenderit non et qui. Sequi consequatur praesentium totam architecto delectus officia nostrum.',5),(24,37,'minima',9,'sint','In delectus quia nihil et facilis fuga. Nihil voluptatem vel assumenda fugiat rerum vitae occaecati voluptate. Fugiat explicabo unde natus omnis. Voluptates commodi impedit excepturi eos et deserunt sequi. Explicabo impedit accusamus dolorum vitae ei',4),(25,72,'sunt',5,'fugiat','Architecto voluptas consequatur repellendus. Impedit deserunt expedita itaque suscipit aut soluta non. Nostrum labore nemo labore. Eius possimus aut ea perspiciatis.',0),(26,33,'iure',9,'officiis','Error iste incidunt debitis vel. Omnis omnis eius saepe quidem dolor mollitia aperiam. Iure eius consequatur saepe maxime amet. Cum mollitia velit accusamus quaerat accusantium ullam sint.',6),(27,25,'quia',0,'ab','Asperiores minima itaque sit iusto sit. Velit praesentium aut esse earum a voluptatibus. Voluptate nulla esse id ut. Alias non reprehenderit ut officiis. Est sapiente quidem fugit asperiores suscipit expedita.',8),(28,68,'totam',6,'assumenda','Cupiditate cumque nihil dolores corporis est. Ducimus error dolores molestias rerum doloremque error. Eos quasi dolor quae itaque consectetur cum. Beatae aut et cumque ab aliquid vel.',0),(29,88,'fugiat',5,'maxime','Voluptates eveniet eveniet et est perspiciatis provident. Est fugiat corporis ut adipisci ad. Distinctio ipsa recusandae expedita veniam aut qui. Necessitatibus ipsa et magni ullam perspiciatis et.',8),(30,58,'reprehenderit',7,'laudantium','Saepe ut inventore et eius. Nobis amet dolores sapiente. Voluptate qui nobis expedita aut qui neque at porro.',7),(31,33,'earum',2,'aliquam','Temporibus natus nihil odit. Natus repellat minus nisi distinctio consequuntur et. Similique rerum ipsam quia aliquid.',7),(32,5,'et',0,'est','Ut accusantium illum inventore optio. Rerum magnam doloribus accusantium consequatur dolorem accusamus totam. Deserunt vero facere qui asperiores qui cupiditate quo aperiam. Qui nemo blanditiis illo aut omnis perspiciatis cupiditate.',9),(33,24,'vitae',7,'nesciunt','Iusto animi quia est natus aut itaque. Omnis repudiandae ipsam non voluptates ea nemo dolorem.',1),(34,15,'quo',7,'sed','Quas iusto eaque provident omnis incidunt est. Libero quam veniam eum dolore natus laboriosam. Atque assumenda ducimus voluptatem architecto soluta.',8),(35,14,'dolore',5,'occaecati','Est delectus explicabo unde sit consequatur consequuntur rem. Est fugiat molestiae provident et repudiandae qui explicabo. Eum illum dolore sit harum autem a nostrum. Est eum exercitationem magnam quia alias.',2),(36,95,'eos',1,'recusandae','Voluptatem et aut ipsam corrupti magnam nostrum. Fugiat porro modi aliquam autem sit. Culpa rerum sint aut voluptatem. Porro amet facere est.',2),(37,99,'eius',9,'fugiat','Ea qui quisquam explicabo qui consectetur exercitationem molestiae. Ipsam cupiditate quia voluptatem eligendi quas quis quibusdam. Harum numquam non dolore. Qui dolores enim quo est impedit praesentium tempore.',7),(38,49,'et',2,'et','Debitis ea dolor quia. Quae quis cumque laborum voluptas. Nobis ullam harum repellendus quasi nisi eius. Quisquam quidem enim quia vel occaecati. Et labore rerum quia.',2),(39,53,'blanditiis',5,'officiis','Aliquam rem ut nostrum qui in voluptatem. Aliquid sapiente fuga in sunt itaque quod dolore. Quia accusantium fugit blanditiis non voluptatum aut. Voluptatem ipsam sint esse iure iure. Eos libero quas maiores et vel illum ut.',8),(40,56,'eos',8,'molestiae','Est officiis sunt aut iusto in hic. Ab voluptatem ullam hic dolor eos dolor quis. Ipsam maiores nesciunt esse. Consequatur error voluptas blanditiis ea dolore accusantium.',3),(41,32,'sit',0,'ex','Repellat et est dolorem nisi. Assumenda in velit suscipit voluptatem voluptas sed. Est excepturi et eaque qui.',0),(42,87,'nobis',4,'similique','Et provident similique voluptas ab vitae ipsam architecto sequi. Fugiat consequatur optio laudantium id optio. Officiis ab provident sint quisquam nulla sunt error. Ea accusantium doloribus ipsam aut quia accusantium. Provident eveniet rerum aut quis',6),(43,56,'numquam',2,'unde','Ipsam expedita inventore dignissimos omnis vitae aperiam. Aut non voluptas hic molestias similique earum eaque. Distinctio quia mollitia enim nostrum est id. Porro odio alias molestias sed reprehenderit aut. Qui molestiae molestiae sed est quis quia ',5),(44,46,'fuga',9,'temporibus','Autem commodi qui atque ullam voluptas. Id voluptatibus fuga fugiat ut.',6),(45,79,'quia',3,'quam','Eligendi molestias laborum doloribus illum sapiente perferendis eos. Ducimus eligendi iusto necessitatibus. Nihil impedit vero incidunt perspiciatis quis.',1),(46,25,'non',3,'voluptatibus','Rerum voluptatem suscipit illo totam nulla. Ut et a deleniti exercitationem unde molestiae itaque. Eligendi debitis ut iste aliquid molestiae qui.',2),(47,68,'est',7,'et','Dolores repellendus aut ipsam et in temporibus. Tenetur est architecto praesentium pariatur dolorem minima esse. Aut vel mollitia voluptas modi dicta architecto.',1),(48,19,'sit',2,'possimus','Quibusdam nemo magnam alias. Omnis dolorem consequatur veniam rem. Qui omnis corporis est quis impedit in.',7),(49,14,'quasi',5,'velit','Ut iste quod et similique. Eaque et vel accusamus et. Eius aperiam sit ea illo tenetur. Optio ratione reprehenderit deserunt omnis libero mollitia sint.',7),(50,25,'quae',6,'nobis','Corporis porro sit impedit fugit enim eos id. Aliquid adipisci dicta architecto eius ipsum. Ullam qui dignissimos aut labore.',6),(51,68,'aut',3,'sit','Molestiae necessitatibus voluptatum inventore ipsa quisquam quibusdam ea error. Nemo culpa voluptatem non. Quod eum sit quia aut quam aut ut. Minus perspiciatis quidem architecto consequuntur delectus culpa.',7),(52,29,'ratione',8,'at','Et consequatur sapiente voluptates omnis. Ut voluptatem quia sapiente eum quasi. Non tempore id dolorem cumque expedita aut. Dicta iste commodi alias aspernatur qui voluptatem.',4),(53,27,'neque',6,'rerum','Blanditiis sequi eligendi dolorem corporis perspiciatis veniam similique alias. Exercitationem praesentium ut aspernatur suscipit recusandae autem commodi ex. Et autem qui possimus similique qui neque ipsa.',8),(54,89,'non',3,'fuga','Nisi commodi exercitationem veniam unde quis et. Laborum accusantium quo aspernatur rerum quos. Molestias saepe adipisci nihil alias odit ea quis. Laboriosam molestiae ullam dolorem commodi. Doloribus atque enim enim deserunt repudiandae debitis.',4),(55,95,'minus',6,'ut','Reiciendis tenetur odio reiciendis. Voluptatem pariatur expedita at et necessitatibus. Laboriosam minima totam quod. Quas consectetur labore ut itaque aut sit rerum.',1),(56,81,'nemo',3,'distinctio','Architecto dolorem sed sapiente soluta. Est libero dolores vero ut est. Quas repudiandae aliquid sit ipsam cum.',6),(57,19,'possimus',8,'et','Distinctio earum ad fuga hic dicta illum ab. Et dolores corrupti ad voluptatem ut repellendus voluptates. Quo aut itaque distinctio labore est perspiciatis ea. Eos tempore sit dolores occaecati omnis est quo qui.',0),(58,58,'dolores',3,'et','Unde vitae reprehenderit autem iusto commodi consequatur. Delectus dolorem quasi dolorem mollitia aliquam. Molestiae illo ut iusto aliquid neque vel id dolorum.',6),(59,41,'quas',0,'explicabo','Neque quaerat qui magni illum. Omnis nisi maiores ut sequi consequatur laudantium sit.',9),(60,36,'vel',9,'magni','Nihil fugit ut aut optio voluptatem. Asperiores consequatur qui est consequuntur magni atque. Non eos quo facilis eos et. Enim sint cum ullam.',1),(61,64,'omnis',0,'veritatis','Commodi voluptates perferendis nostrum neque sunt aut. Velit magni dolore odit et. Ut velit rerum sunt culpa totam reiciendis aut. Blanditiis est ut consectetur consectetur dolorem blanditiis dolorum. Sit et quibusdam sint enim consequatur aut labore',1),(62,28,'officiis',5,'ea','Sunt possimus voluptas voluptate accusamus tenetur mollitia reiciendis cum. Voluptatum ex natus dolorem molestiae voluptatem atque quasi. Sed totam nemo fugiat unde aut ut a.',5),(63,97,'hic',5,'quibusdam','Atque repellendus rerum error et ratione perspiciatis ullam. Animi distinctio itaque tenetur explicabo. Rerum qui sunt natus rerum debitis adipisci. Quibusdam officia aut earum soluta voluptas sit labore.',1),(64,21,'accusamus',9,'soluta','Est necessitatibus molestias architecto id sed accusantium quisquam. Maxime minima voluptas fugiat suscipit explicabo vitae. Rerum itaque similique et ullam iusto.',9),(65,46,'quia',2,'quidem','Qui porro ut cupiditate amet nulla. Omnis occaecati sit aliquam eum tenetur vel. Nihil dolorem commodi veritatis mollitia aut ea totam. Doloribus ut veritatis corrupti illum nobis ratione.',9),(66,36,'vitae',3,'enim','Similique doloremque velit ut. Nihil et debitis ab omnis voluptatem eius facere porro. Ut molestiae magnam minima et rerum et.',2),(67,90,'eaque',9,'enim','Aperiam eveniet amet odio quae minus ut. Eum natus adipisci quidem consequatur rem dolore. Optio quis sint et enim et exercitationem doloribus.',5),(68,9,'quod',6,'laborum','Velit illo nisi autem. Explicabo expedita sit non accusamus quod provident. Fuga deserunt quis ex eos quibusdam.',6),(69,56,'nobis',3,'nihil','Et qui illum mollitia sit maxime quo minus. Eos vitae voluptas recusandae et earum quia est.',9),(70,21,'molestiae',9,'iure','Ut ad quod laboriosam enim. Nulla harum sunt sit quos aut quis iste. Architecto quaerat et magni commodi repellendus. At est nesciunt quibusdam distinctio nisi.',6),(71,75,'praesentium',1,'esse','Maiores quas in natus omnis fugit dolorem. Consequatur omnis et dolorem velit dolorem natus atque quia. Eius et cumque quas.',5),(72,60,'exercitationem',2,'nesciunt','Culpa et minus debitis dolor. Omnis dolores quam ab at voluptas officia. Fugit quasi qui et accusamus.',6),(73,29,'odio',6,'at','Aperiam quas suscipit ut est. Expedita nesciunt aut fuga voluptate ex ratione quia. Sit ducimus cumque sed perspiciatis adipisci excepturi officiis.',9),(74,6,'ut',3,'voluptas','Fugit ad quis dolor aut. Voluptatem velit quas harum est. Molestiae quasi ea dolorem eligendi non sequi non. Perferendis dicta dolorem voluptas at delectus dolorem.',1),(75,19,'iste',9,'dolores','Sed harum omnis harum hic. Molestiae voluptatem ut rerum ullam quae. Quod asperiores id esse in debitis maiores ratione. Occaecati quia repellendus molestiae est dicta.',3),(76,33,'dolorum',4,'illo','Veniam sint accusantium dolore similique repellat ut. Voluptas nihil exercitationem rerum ut ipsum animi fugiat. Occaecati accusamus ut eius nihil perferendis saepe laboriosam. Qui rerum illum esse.',9),(77,51,'autem',2,'sunt','Ipsa quia possimus distinctio unde. Placeat aliquam dolores quo blanditiis ut minus tempora laborum. Vitae qui ratione nihil quis suscipit quos. Dolorum quaerat eius exercitationem.',0),(78,69,'aut',5,'et','Voluptate a consequatur nemo. Consequatur dolorem vel veritatis. Minima officiis veniam quod error vel corrupti.',1),(79,79,'quia',2,'at','Et dolore facere accusantium architecto et beatae. Amet doloremque voluptas delectus dolor. Hic molestiae atque suscipit fugit nam provident. Exercitationem laborum quis quod odio.',6),(80,71,'quis',8,'ut','Officia fuga ut magni totam officiis. Aut nihil fugiat qui occaecati minus dolorem et. Et earum omnis qui tempora et.',4),(81,55,'in',0,'aliquid','Autem corporis sunt id. Voluptatibus veritatis odit odio quia. Consequatur iure nihil et. Temporibus consequatur rerum itaque nulla.',8),(82,100,'temporibus',0,'possimus','Nulla consequatur vel quae officiis qui harum et atque. Hic non officiis aspernatur ducimus omnis ad. Qui est tempora ea illum. Consectetur aut tempore ducimus eum voluptatem voluptatem voluptatibus.',2),(83,16,'non',2,'temporibus','Autem dicta sint odio doloribus. Dolorum velit et qui qui id molestiae. Qui adipisci ut maxime fugit.',8),(84,23,'dolorem',5,'et','Cupiditate dolorem et accusantium occaecati impedit dolores. Aut quibusdam natus quia aliquam quaerat blanditiis. Consectetur quidem vitae facere dolor. Necessitatibus nemo accusamus mollitia doloribus. Ut aut dolores tenetur impedit voluptas.',5),(85,71,'non',9,'velit','Quod rerum et illum molestiae molestias aut. Consequatur laudantium perferendis eos officia deserunt dicta. Et dolorem enim ut est qui. Qui repellat nostrum sunt non.',5),(86,53,'et',9,'debitis','Autem qui in commodi velit ad beatae. Voluptates laborum consequuntur voluptas aut id dolore. Dolor aperiam quia omnis aut deserunt. Voluptatem est facilis totam.',9),(87,94,'et',7,'ipsum','Quo quis placeat expedita et aliquid dolor eum tenetur. Quis rerum dolorum tempora dolorum et. Aut tempore voluptas animi nisi voluptates ad ut. Nostrum quos eum voluptas est voluptas.',0),(88,57,'qui',5,'odio','Inventore est deleniti dolores facilis. Est repellendus occaecati rerum voluptatem vitae. Et impedit qui recusandae tenetur corporis ipsum libero. Quas voluptas velit quia repellendus voluptatem enim. Nostrum quae quis ut voluptatem.',5),(89,66,'ut',0,'dolorem','Optio dolorem fugit debitis id ut aliquid est ad. Culpa dolor accusantium ex est et voluptatem nulla.',8),(90,44,'et',5,'explicabo','Ipsam suscipit cum dolorem consequuntur possimus vel. Et enim maiores vel et. Et qui occaecati rerum laborum consequatur aut distinctio.',2),(91,88,'corporis',0,'voluptas','In facilis a est enim quia. Perspiciatis quaerat quasi in voluptas velit non animi cum. Sequi qui veniam omnis quos autem.',3),(92,65,'est',0,'voluptas','Debitis sed repudiandae autem quo tempore. Laborum ratione dicta et hic explicabo. Enim dolor rerum ut mollitia nemo modi. Eius repellat numquam velit qui perspiciatis ut officiis voluptatum. Quaerat harum eos ratione nobis incidunt nisi.',2),(93,96,'ea',1,'molestias','Sunt error ex non quia. Vel a explicabo iure non velit quidem consequuntur. Autem magni velit alias qui et fugit. Eaque est explicabo velit id quia error.',8),(94,33,'et',4,'quia','Eum sint ad id mollitia et qui. Voluptatem dicta possimus vitae porro aut qui tempora. Nisi doloremque magnam non molestias deserunt fuga.',0),(95,57,'inventore',7,'necessitatibus','Doloribus est voluptas voluptatem. Placeat aperiam harum et non placeat dolore qui. Qui quod et reprehenderit provident maxime. Sit in non perspiciatis laborum possimus.',5),(96,29,'aut',4,'magnam','Dolores repudiandae illum molestiae laborum. Dolores aut veniam nesciunt sequi. Ea nulla adipisci aut ut rem.',2),(97,62,'sapiente',7,'vel','Qui ea sunt magnam inventore beatae. Sed dolorem non laboriosam corporis ea. Ducimus labore necessitatibus perferendis accusantium ut. Quis ut nisi qui ipsum perferendis ullam aspernatur soluta.',5),(98,22,'quibusdam',9,'dolor','Voluptatum voluptate amet sit laudantium blanditiis ut. Expedita eveniet in natus velit architecto. Pariatur qui beatae nesciunt excepturi ut non.',3),(99,21,'tempora',5,'et','Voluptas molestias quia et quisquam et inventore. Itaque doloremque non quod itaque. Tempore est recusandae nulla atque temporibus. Omnis dolore qui omnis et et id.',3),(100,81,'aut',9,'distinctio','Ipsum repellendus consequatur sit ad reiciendis ducimus sed. Perferendis ex molestiae qui et. Sed minima cumque aliquam rerum aut modi. Sed ullam distinctio aut voluptates illo.',5);
/*!40000 ALTER TABLE `character_weapons` ENABLE KEYS */;
UNLOCK TABLES;

--
-- Table structure for table `saved_items`
--

DROP TABLE IF EXISTS `saved_items`;
/*!40101 SET @saved_cs_client     = @@character_set_client */;
/*!50503 SET character_set_client = utf8mb4 */;
CREATE TABLE `saved_items` (
  `itemID` int NOT NULL AUTO_INCREMENT,
  `itemName` varchar(60) NOT NULL,
  `itemDescription` text NOT NULL,
  `itemType` enum('Armor','Potion','Ring','Rod','Scroll','Staff','Wand','Weapon','Wondrous Item') NOT NULL,
  `itemRarity` enum('Common','Uncommon','Rare','Very Rare','Legendary') NOT NULL,
  `itemCostNum` int NOT NULL DEFAULT '0',
  `itemCostType` enum('Copper','Silver','Electrum','Gold','Platinum') NOT NULL DEFAULT 'Gold',
  `itemProperties` varchar(200) DEFAULT NULL,
  `userID` int NOT NULL,
  PRIMARY KEY (`itemID`),
  UNIQUE KEY `itemID_UNIQUE` (`itemID`),
  KEY `userID_idx` (`userID`),
  CONSTRAINT `userID` FOREIGN KEY (`userID`) REFERENCES `user_data` (`userID`)
) ENGINE=InnoDB AUTO_INCREMENT=101 DEFAULT CHARSET=utf8mb4 COLLATE=utf8mb4_0900_ai_ci;
/*!40101 SET character_set_client = @saved_cs_client */;

--
-- Dumping data for table `saved_items`
--

LOCK TABLES `saved_items` WRITE;
/*!40000 ALTER TABLE `saved_items` DISABLE KEYS */;
INSERT INTO `saved_items` VALUES (1,'aut','Consequatur ut quo voluptate asperiores hic. Totam dolorem ut consequatur odit autem. Dolorem quis doloribus inventore. Laudantium hic quia repellendus debitis tempore amet.','Rod','Rare',0,'Copper','Nam autem deserunt dolorem reiciendis molestias eum provident.',47),(2,'qui','Harum ut mollitia nulla quod. Praesentium alias cumque harum voluptatum vel sed voluptatem atque. Officia dolores voluptas dolore dolorem sit voluptatum. Exercitationem illum fugit in tenetur consequatur natus a dignissimos.','Wondrous Item','Rare',7,'Silver','Suscipit totam atque rem quos quis aut nihil deleniti.',63),(3,'et','Ut nisi perferendis totam autem distinctio. Harum ipsum officia nihil. Saepe qui qui porro suscipit voluptatem illum ea. Harum a sint et quo tempore aliquid deserunt.','Wand','Legendary',3,'Platinum','Ullam voluptatum in voluptatem dolor eos.',62),(4,'enim','Dolores a corporis earum totam. Et dolor sequi accusamus mollitia. Vitae repudiandae aut totam blanditiis. Fugiat doloribus reprehenderit quo non aut et corrupti.','Scroll','Common',4,'Silver','Sunt ea ad sequi eos.',90),(5,'eveniet','Voluptatem assumenda ea ipsam eligendi vel omnis animi. Nisi minima omnis sit eius ut. A nemo et earum assumenda aut. Quos ex et molestiae nesciunt libero.','Staff','Uncommon',5,'Platinum','Fugiat sint consectetur voluptatem et aliquid eius ea.',31),(6,'consequatur','Quam esse quisquam in maxime excepturi. Velit dolorum maiores sunt sed distinctio consequatur itaque. Et ex non dolorum doloribus iure cum non. Illum et vitae nisi fuga vel autem sed.','Weapon','Very Rare',1,'Gold','Officiis aut non numquam.',24),(7,'id','Aut tempore rerum et repellendus tempora quisquam. Est nesciunt reiciendis eaque sit in sit ut facere. Est repellendus culpa ut qui inventore. Velit fugiat doloremque architecto enim dolor sequi iusto.','Scroll','Legendary',7,'Silver','Id animi quia culpa ut et.',66),(8,'quaerat','Neque omnis quae necessitatibus. Quis et voluptatem sunt deserunt.','Scroll','Very Rare',2,'Platinum','Inventore aspernatur eum quia id sit.',84),(9,'nostrum','Esse et et vitae dolor eos quo unde. Qui quia delectus recusandae velit corrupti aut eos. Asperiores laudantium quia est incidunt fugiat ut ut. Minus exercitationem dolores debitis repudiandae ab magni. Quis consectetur non consequatur nihil velit.','Rod','Common',9,'Silver','Neque autem ut possimus excepturi voluptas natus nisi.',11),(10,'quae','Repellat consequuntur qui omnis in consequatur tenetur est beatae. Quibusdam id iste voluptatem delectus rem in sed. Cupiditate repellat eveniet nostrum repudiandae.','Potion','Common',2,'Silver','Dolorem possimus dolores aut rem voluptatem.',12),(11,'non','Architecto at est quibusdam sit. Dignissimos voluptates adipisci dolorum dolores enim officiis perspiciatis tempore.','Weapon','Common',0,'Copper','Quod molestiae corrupti nobis amet autem voluptatibus nemo.',39),(12,'ut','Ut tempora id autem ullam consequatur cumque. Rerum vel ea sapiente voluptate numquam accusamus. Soluta et sed vel et iste hic. Rerum mollitia ratione deleniti molestiae minima. Accusamus unde nulla libero laudantium.','Ring','Common',4,'Gold','Aut culpa eligendi officia iste rerum voluptatem quis quis.',77),(13,'veniam','Assumenda quia vel consectetur rerum assumenda. Fugiat quidem impedit expedita enim eius. Rem rerum et nisi nihil. Delectus iste laudantium eveniet voluptatibus suscipit nobis illo.','Ring','Rare',8,'Electrum','Iure sequi iure sint vel distinctio beatae saepe.',95),(14,'eum','Amet sint dicta fugiat optio accusantium consequatur odit. Placeat non ullam sit consequuntur. Veniam temporibus et repudiandae eligendi.','Rod','Common',3,'Silver','Earum eos sit ullam sit necessitatibus unde velit.',44),(15,'qui','Explicabo at minima at dolor omnis omnis natus. Delectus praesentium et minus autem ut velit deleniti possimus. Nesciunt id et id voluptatem itaque. Quia omnis enim odio aut et.','Wondrous Item','Common',7,'Copper','Voluptas ad rerum eos consequatur ut sunt qui.',33),(16,'assumenda','Ipsa quibusdam blanditiis corporis et. Delectus quia error nemo officia adipisci a quae.','Ring','Common',2,'Electrum','Harum error soluta vitae illum rerum saepe.',51),(17,'quae','Quod nulla laborum soluta nisi eum. Voluptas possimus odio adipisci ullam debitis blanditiis consequatur. Tempora iste quod non et ut consequatur.','Potion','Legendary',7,'Silver','Sed dignissimos enim aliquam quis suscipit.',93),(18,'voluptas','Neque et repellat placeat totam impedit fuga. Cupiditate quas tenetur debitis modi sunt id omnis.','Weapon','Legendary',9,'Electrum','Consequuntur molestias est iste laudantium eius.',80),(19,'atque','Eum accusantium in minus cupiditate deserunt. Repellendus optio totam et culpa. Explicabo sed culpa enim sit doloribus. Eveniet veniam minima nihil nam.','Armor','Legendary',3,'Electrum','Et commodi porro sunt iusto.',46),(20,'sit','Et distinctio facere corporis et ipsum pariatur sequi. Aperiam in voluptates sed non consequatur unde. Ipsum sint cum ea accusamus ducimus dolorem. Perspiciatis perspiciatis ipsam pariatur dicta exercitationem quae eum.','Wand','Rare',5,'Gold','Cum provident delectus aliquid expedita provident voluptas.',7),(21,'sint','Consequatur doloribus similique impedit. Aut dignissimos sint rerum at. Enim et rerum minus fugit.','Rod','Uncommon',5,'Electrum','Minus rerum qui architecto rerum sed ullam dolorem.',15),(22,'aut','Quidem vero sed ipsam doloremque enim. Quam et vel laborum fugit nihil ab ut. Dicta est neque est sit quas quos voluptates velit. Quia voluptatum dolores magni rerum voluptatem perferendis voluptates architecto.','Staff','Legendary',4,'Silver','Incidunt necessitatibus necessitatibus voluptas aut mollitia sunt est iste.',71),(23,'modi','Necessitatibus et amet reprehenderit eos vel quasi mollitia alias. Tempore qui doloribus provident quia reprehenderit similique quae. Voluptas dolorum et iure officiis.','Wondrous Item','Very Rare',1,'Gold','Aperiam sed iste totam vero.',7),(24,'quidem','Laudantium atque qui distinctio consequatur eos. Vero nulla dolor provident amet quas totam eius. Voluptatem ad voluptatem excepturi praesentium praesentium deserunt. Libero facere facilis ut quibusdam deleniti quam.','Scroll','Legendary',8,'Copper','Voluptas ut sunt tempore vitae sapiente fugiat provident.',70),(25,'aliquam','Aspernatur autem enim et illo dolore. Id temporibus quidem exercitationem tempora consequuntur quisquam. Doloremque necessitatibus repudiandae laborum aut. Omnis eos enim porro fugiat provident perspiciatis.','Ring','Legendary',5,'Gold','Repudiandae iure repudiandae aspernatur nihil aut necessitatibus.',89),(26,'quisquam','Praesentium consequatur sapiente fuga excepturi sit et. Ut eveniet saepe veniam ad voluptatibus consectetur fugit veritatis. Esse perspiciatis voluptatum sint quo.','Armor','Uncommon',7,'Copper','Reiciendis vitae doloremque quia.',88),(27,'sunt','Molestias alias accusamus aut et et porro dolore. Voluptatem sed et eum. Minima ut nesciunt atque blanditiis quasi occaecati.','Wand','Uncommon',1,'Electrum','Ipsum ab ratione excepturi sunt mollitia est provident non.',89),(28,'accusamus','Inventore aperiam quibusdam perspiciatis ut placeat. Occaecati assumenda aut reiciendis. Molestiae sit quia necessitatibus quasi dolore deserunt qui. Dolor veritatis reprehenderit suscipit quam officia.','Potion','Legendary',5,'Silver','Dicta est occaecati aut sit necessitatibus voluptates officia sed.',37),(29,'est','Incidunt dolorem rem voluptatem reprehenderit. Quos eum aperiam impedit et aut dolor commodi. Fuga harum possimus aut quis omnis delectus.','Scroll','Rare',3,'Silver','Impedit et fugit impedit.',16),(30,'similique','Pariatur quibusdam asperiores velit error quos. Praesentium cupiditate et tenetur nemo deleniti.','Ring','Legendary',5,'Copper','Et aliquam quia necessitatibus iusto doloribus nam.',6),(31,'nobis','Eligendi saepe illo nostrum molestiae ut maxime debitis. Explicabo laboriosam ipsam odit qui et perferendis. Sed et culpa temporibus qui. Doloribus eum eum voluptatem mollitia excepturi. Tempore et omnis velit.','Potion','Very Rare',0,'Silver','Consequatur accusamus voluptatem accusamus eaque beatae molestiae.',34),(32,'ipsum','Provident harum sed nisi possimus suscipit itaque optio. Qui quia illum veritatis itaque et sed illum aut. Deleniti nulla commodi et nobis eum.','Potion','Very Rare',3,'Silver','Expedita amet ut dignissimos tempore in et.',33),(33,'deleniti','Veniam expedita autem sint itaque eligendi in et. Maxime molestiae temporibus neque. Dolorem et itaque beatae dolorem numquam. Qui quis sed repellat accusamus voluptatem ut.','Ring','Legendary',7,'Gold','Dolor quaerat nihil eos praesentium.',16),(34,'veniam','Blanditiis animi aperiam omnis est explicabo. Possimus et laborum fugit magnam aliquam molestias beatae. Quia minus sint adipisci modi modi.','Armor','Common',0,'Copper','Quo enim in ea eum id ut.',100),(35,'nihil','Recusandae quia repellendus sapiente sed sequi. Facere mollitia dolores omnis nulla. Veritatis perspiciatis tempora omnis repellendus accusantium.','Potion','Legendary',4,'Copper','Et impedit numquam sit quia doloremque.',72),(36,'et','Amet consequatur rerum debitis dolores. Ut iste praesentium aliquid animi optio odit. Accusantium velit accusamus molestias.','Rod','Common',2,'Electrum','Quod modi omnis animi voluptas ea.',27),(37,'molestiae','Eaque cum explicabo aut est aut quia earum. Ut odit est et accusamus. Amet ut aut laudantium nobis laudantium temporibus consequatur vel. Possimus dignissimos quia voluptatibus.','Weapon','Legendary',6,'Gold','Quis consequatur temporibus nam a eligendi voluptatum labore.',65),(38,'laudantium','Aut repudiandae est recusandae ad ad. Architecto expedita nemo enim itaque deleniti voluptatum. Harum repudiandae aut esse suscipit consequatur nostrum optio.','Armor','Uncommon',8,'Copper','Qui quia reprehenderit dolorem odit repudiandae architecto.',76),(39,'et','Repellat animi labore sint consequatur odio rem et corporis. Laboriosam consequuntur alias impedit id. Laudantium magnam laudantium aliquid beatae quaerat.','Ring','Legendary',4,'Platinum','Maiores quia dolore cumque voluptatem enim rerum.',81),(40,'officiis','Itaque sint architecto veniam autem. Quia voluptates sed laboriosam.','Potion','Very Rare',4,'Copper','Quasi natus minus nihil nesciunt nemo repellendus voluptatem architecto.',34),(41,'incidunt','Aspernatur dolorem nulla delectus repudiandae reiciendis. Minima minus ex quod occaecati consectetur explicabo. Quo ut mollitia dignissimos officia unde vel. Cumque facilis vel fugiat saepe deleniti possimus exercitationem.','Rod','Legendary',2,'Silver','Saepe dignissimos consequatur accusamus id voluptatibus ducimus.',74),(42,'porro','Assumenda qui itaque ab velit provident commodi ut molestiae. Rerum veniam sint dolor ut. Ipsam ut quasi non optio odio et voluptas.','Armor','Legendary',9,'Platinum','Quibusdam dolor veritatis nihil consequatur vitae eius.',62),(43,'at','Qui magnam voluptatem nemo occaecati fugit ipsa. Ut a ea omnis praesentium amet aut doloribus. Cum expedita vero enim dolorem esse officia. Atque aut cumque itaque voluptatum praesentium reprehenderit harum. Consectetur voluptatem autem est perspiciatis.','Rod','Uncommon',7,'Copper','Qui iste ut dolores dolorum.',34),(44,'quisquam','Harum dicta aut aut ea similique eaque. In est facilis voluptatem voluptas culpa. Culpa molestiae autem aut tempore minima eos voluptates.','Potion','Very Rare',9,'Electrum','Numquam blanditiis consequatur minima sequi.',53),(45,'atque','Tempore amet dolores commodi in. Blanditiis quia voluptates quam delectus incidunt et. Nam rem rerum omnis unde non. Qui sint aperiam doloremque.','Scroll','Uncommon',1,'Silver','Pariatur officia est asperiores eius facilis voluptatem doloribus.',3),(46,'nam','Laborum ea quis dolore laborum nihil sed molestias adipisci. Quo sed maiores doloremque consequuntur. Repellendus ut libero tenetur labore est. Ut et aspernatur non nihil qui.','Potion','Uncommon',8,'Platinum','Voluptates voluptate omnis eius hic vel.',79),(47,'tempore','Tempore distinctio assumenda libero et. Aut illo at libero.','Ring','Common',9,'Copper','Praesentium sunt molestiae non maxime.',76),(48,'aut','Suscipit ut repellendus occaecati voluptas. Quia repudiandae rem eveniet voluptas deserunt. Et beatae aperiam quibusdam delectus qui natus.','Potion','Common',2,'Silver','Qui est molestiae et impedit soluta aperiam et quibusdam.',60),(49,'et','Laudantium iusto voluptatem architecto et ipsa iusto. Aut quaerat qui necessitatibus qui. Atque voluptatibus est sint non est veritatis et. Enim omnis aut natus enim delectus dolore omnis.','Staff','Uncommon',6,'Copper','Cupiditate quam est consectetur inventore et.',88),(50,'quod','Corrupti voluptas iusto et quis voluptatem consequatur nobis molestiae. Laudantium rerum nesciunt culpa et rerum quia. Ut molestiae quia quis laborum aut rerum.','Staff','Legendary',5,'Electrum','In eos aut velit aut aut odit asperiores.',63),(51,'temporibus','Sit ut modi sunt voluptas adipisci nihil. Dicta consequatur ex ut aspernatur rerum ut. Facilis ratione adipisci recusandae. Nostrum fuga rerum modi temporibus dignissimos.','Potion','Very Rare',7,'Silver','Voluptatem eaque autem eveniet doloremque laborum.',16),(52,'aut','Ratione veniam corporis quaerat odit quasi. Iste deleniti et ex labore blanditiis. Inventore doloribus ullam accusamus hic. Placeat voluptatem officia ducimus cum dolore soluta magni autem.','Staff','Uncommon',4,'Electrum','Recusandae tempore mollitia voluptatem inventore.',28),(53,'qui','Deserunt quis enim quasi dolor iusto voluptate. Adipisci corporis sed nam. Vero quis sapiente est dolorem exercitationem deleniti modi nihil. Autem repudiandae animi quia neque natus est.','Rod','Very Rare',0,'Copper','Inventore omnis eum suscipit minus pariatur voluptatem.',67),(54,'atque','Est excepturi quo hic saepe neque minima. Debitis non aut placeat et aut blanditiis suscipit. Dolor corporis similique placeat omnis. Qui quae dolorem accusamus culpa quia.','Wondrous Item','Very Rare',2,'Electrum','Ipsum molestiae aut officia ullam.',23),(55,'qui','Et aut qui repudiandae deleniti alias sequi. Occaecati magnam labore ipsa. Sit odio ducimus voluptas enim assumenda adipisci. Quia adipisci ipsam omnis qui.','Armor','Uncommon',8,'Gold','Non consequatur optio ex iure ipsum.',21),(56,'pariatur','Ipsam possimus est dignissimos aliquid et et sequi natus. Porro repellat velit ratione autem ea nesciunt. Neque unde voluptatem dolore amet quae dolores ullam. Voluptatem nostrum laudantium cumque architecto et.','Wand','Legendary',0,'Silver','Libero quos autem quo quae qui rem.',1),(57,'eos','Adipisci tempore itaque voluptas. Suscipit ea deserunt hic fugiat. Voluptatem dolore ut sed voluptas iure itaque.','Staff','Rare',1,'Platinum','Vero dolore ut perferendis et qui consequatur.',49),(58,'recusandae','Consequuntur nostrum magnam voluptas consequatur ratione. Ex ea laudantium quaerat enim animi sint explicabo. Incidunt vel aspernatur minus magni nemo maxime. Doloremque pariatur iure consequuntur amet.','Armor','Very Rare',3,'Gold','Quas et cum assumenda nam ut.',27),(59,'ipsa','Aut voluptate commodi quasi. Officia enim cum eaque incidunt quia consectetur qui. Velit enim voluptas consequatur optio assumenda dolores sit.','Armor','Common',5,'Electrum','Ut minus quidem beatae iusto numquam inventore.',70),(60,'unde','Sint ducimus voluptas sit consequatur. Sed expedita a omnis voluptas et consequuntur. Deleniti ea praesentium ducimus modi cum quia soluta. Nobis enim fugiat inventore vitae nesciunt.','Wondrous Item','Uncommon',3,'Electrum','Nobis magnam omnis voluptas dolores assumenda.',30),(61,'qui','Quo autem est officia fuga quod assumenda enim. Delectus ad qui quod recusandae. Blanditiis atque aut deserunt aperiam ea consequatur qui.','Wand','Uncommon',6,'Platinum','Tempora incidunt animi porro.',46),(62,'ex','Id qui sit aut inventore et. Minus facere dolorem sint corporis laudantium magnam. Mollitia labore rerum cum sint cupiditate.','Wand','Rare',5,'Silver','Et ut ullam ipsa recusandae magni voluptas facilis laborum.',95),(63,'hic','Odit nam dolores possimus sit pariatur esse. Excepturi vel molestiae voluptatem tempore id fugit dolorem. Possimus quia sint qui quisquam.','Armor','Common',9,'Copper','Numquam natus qui enim.',48),(64,'quae','Vel adipisci omnis quia nesciunt. Non quas optio cupiditate eum libero. Dolores tenetur esse sed voluptatem.','Wondrous Item','Legendary',9,'Gold','Suscipit aut voluptas tenetur quos.',23),(65,'magni','Ipsam et voluptas commodi iure qui esse quis. Esse enim quae eligendi voluptates est. Labore porro aut quisquam. Quia ipsum est blanditiis earum.','Armor','Rare',2,'Gold','Ipsam quas necessitatibus nesciunt rerum quis quo.',83),(66,'reiciendis','Ipsum aut culpa et sint possimus ex facere. Tenetur ut saepe minima sed. Iste qui voluptatem officia architecto illum vero. Aspernatur ut et facere. Voluptas et autem illo accusamus amet exercitationem.','Scroll','Uncommon',0,'Silver','Sit voluptatem atque ea dolorum perspiciatis distinctio.',55),(67,'quia','Voluptatibus nostrum in quo. Error nulla ducimus iusto eum aut. Reiciendis tenetur quaerat vitae est eum error.','Scroll','Legendary',2,'Copper','Nihil doloremque nihil ipsum quasi.',70),(68,'at','Molestiae et dolores cum quia laboriosam quo. Expedita culpa fugiat velit qui reiciendis consequatur quasi. Esse et ut id voluptatibus.','Wand','Common',2,'Platinum','Ut ipsa eligendi hic omnis explicabo ut architecto.',38),(69,'omnis','Eligendi quidem debitis mollitia sequi eum iste ea. Autem in harum pariatur. Molestiae et est veritatis voluptatem eligendi qui.','Wand','Legendary',1,'Gold','Qui eum eum totam quas animi similique.',90),(70,'iusto','Saepe qui dignissimos qui velit nihil. Harum repellendus sit vel architecto et.','Rod','Very Rare',4,'Silver','Iste recusandae repellendus quisquam amet eveniet quam error.',60),(71,'possimus','Vitae mollitia rerum voluptatem asperiores aut. Porro ea illo vel commodi aliquid ut sapiente. Magni qui occaecati dolorum et a dolorum. Adipisci rerum explicabo iste quod maxime ex molestiae.','Wand','Legendary',3,'Electrum','Amet provident nobis impedit saepe placeat.',6),(72,'id','Ipsa eius ut consequatur natus porro. Dignissimos voluptatem voluptates necessitatibus quos assumenda. Ipsum repellendus aut dolores. Et sed accusantium alias deleniti. Magnam in dolorem repellat ut.','Wand','Common',1,'Copper','Tempora at adipisci voluptate.',39),(73,'ratione','Et deleniti quo omnis et. Mollitia qui ut nesciunt ea sunt. Est nihil velit tempora hic totam dolore autem. Nobis aut incidunt sit ea dolor minima quo dolorem.','Wand','Very Rare',4,'Gold','Inventore quam dolor esse fuga.',62),(74,'earum','Sapiente sequi fuga hic accusamus odit. Quia nostrum aut accusamus aut nostrum voluptates. Doloribus voluptates est reiciendis ipsa. Quibusdam nemo aut veniam accusantium veniam.','Scroll','Rare',2,'Copper','Ut laudantium autem corporis cupiditate dolores nostrum.',48),(75,'temporibus','Et error qui voluptatum sequi voluptatem mollitia. Repellat quia rerum iusto. Eos animi quae porro qui sapiente itaque at reiciendis. Excepturi iste quaerat dicta omnis ut.','Rod','Rare',7,'Copper','Sit est doloribus explicabo est odio sed voluptas.',55),(76,'pariatur','Deleniti non in excepturi ut ut quia aut voluptas. Dolorem sequi eum nostrum et voluptas quaerat.','Staff','Legendary',4,'Copper','Saepe est cumque ipsum ipsum assumenda autem non.',49),(77,'et','Consequatur dolor eos aut tempora. Adipisci id commodi velit atque repudiandae facere praesentium. Officia in vero est.','Wand','Rare',9,'Platinum','Asperiores minus aut fugit totam dolorem et ipsum dolorem.',57),(78,'omnis','Ut repellat qui quibusdam et dolores officia. Atque ad saepe quae aliquid magnam. Possimus expedita porro sunt odio. Ut quaerat qui consequatur omnis veniam fugiat omnis.','Armor','Very Rare',8,'Gold','Sint eveniet accusamus quos vitae aut ut ipsam.',58),(79,'dolores','Autem ipsum alias eos tempora accusantium vel temporibus voluptatem. Repellat vel aperiam enim saepe et voluptatum. Debitis totam eligendi similique vel possimus et eum est.','Weapon','Legendary',8,'Copper','Adipisci enim iste amet accusantium praesentium modi impedit ullam.',43),(80,'tempore','Et natus non velit delectus ab. Hic nihil cumque culpa consequatur fuga et inventore.','Ring','Legendary',8,'Platinum','Perspiciatis aut aperiam aspernatur omnis iure impedit omnis labore.',41),(81,'nemo','Tempore voluptatem perspiciatis ad laudantium cumque quibusdam. Officiis iusto ullam explicabo error quae nulla. Quaerat velit dignissimos nemo quasi optio est. Molestias quam ullam dicta maxime sint et.','Weapon','Uncommon',3,'Gold','Facilis officiis beatae consectetur ad et.',79),(82,'et','Dicta quo qui culpa dolores. Iure deleniti nihil autem mollitia repellat deleniti. Laborum libero debitis ipsa perferendis.','Wondrous Item','Rare',6,'Gold','Dolor provident consequuntur rem reprehenderit quia.',62),(83,'illum','Autem voluptatem explicabo nemo error aspernatur est aliquid aut. Quis qui exercitationem sed omnis. Est totam autem eos soluta quia. Qui aut sed consequatur ipsum qui qui quaerat.','Armor','Uncommon',8,'Silver','Nulla voluptatem autem voluptatem quis laboriosam.',5),(84,'deleniti','Qui nulla veniam et et est omnis. Dolores quis in sapiente labore suscipit laborum. Nulla animi sed sed quia non.','Armor','Uncommon',8,'Platinum','Quae voluptas eaque fugit sit eos vel.',19),(85,'omnis','Voluptas cum tempore modi tempora omnis. In ut qui vel harum quam. Explicabo et nostrum id nostrum deleniti. Quis aut suscipit voluptatem et sed ullam ut.','Wand','Common',7,'Copper','Possimus qui omnis sunt cum.',24),(86,'hic','Perspiciatis temporibus odit repellat aliquid. Provident rerum magni quam voluptas distinctio rerum molestias. Natus qui ut id possimus velit expedita fuga.','Wand','Very Rare',1,'Gold','Qui quae dolorem quaerat perspiciatis aliquid non cum.',40),(87,'saepe','Facilis recusandae doloremque voluptatem accusantium dolor quo. Voluptas et numquam sed pariatur quo. Ut voluptas voluptates quas impedit.','Staff','Rare',8,'Platinum','Laboriosam adipisci sit delectus voluptas dolorum sed ut.',92),(88,'dolorem','Et quaerat aliquam id esse non debitis exercitationem nobis. Reiciendis voluptatem aliquid minima ducimus blanditiis non. Consectetur laborum soluta officia voluptates sunt laborum. A deleniti iusto blanditiis omnis qui velit saepe. Modi eligendi id odit animi dolore vero.','Potion','Uncommon',9,'Gold','At et consectetur quo aspernatur et corrupti.',4),(89,'vel','Ut nemo fuga fuga culpa in accusamus. Sed pariatur rerum ducimus rerum et doloremque dolorum. Magni cum dicta inventore perspiciatis et. Autem corporis quo dolorem est aliquam quidem non.','Armor','Rare',3,'Silver','Aut cupiditate dicta doloremque dolore et in.',45),(90,'qui','Expedita necessitatibus fugit illum facere sed. Rerum debitis aut quo autem dolorem. Sint repudiandae vero ipsa sit natus blanditiis quam. In totam eos nam quis tempora.','Ring','Rare',0,'Gold','Qui officiis velit dolorem unde sit est velit.',14),(91,'eum','Blanditiis et odio hic tempora. Occaecati animi dolore et rerum et. Praesentium voluptates voluptas aut aut doloremque consequuntur et. Est eius unde aut aliquid.','Armor','Uncommon',4,'Copper','Odit non ut labore libero esse in vitae.',37),(92,'tempore','Voluptatem eligendi unde molestias sapiente beatae ad voluptatibus modi. Quia ea quia dolorum. Amet magni eum officiis perspiciatis placeat inventore soluta. Rerum laborum aut sint.','Wand','Very Rare',8,'Platinum','Distinctio molestiae dolorem libero illum quia accusamus.',30),(93,'quia','Veniam cupiditate molestiae necessitatibus aperiam iste. Dolorum placeat architecto incidunt numquam aut qui totam sit. Et id doloremque necessitatibus neque. Rerum sint non et rerum.','Scroll','Common',9,'Gold','Non sed debitis numquam.',10),(94,'doloribus','Similique cupiditate beatae vero. Accusamus ut aspernatur minima tenetur molestias dolor.','Armor','Very Rare',3,'Gold','Alias molestiae doloribus temporibus autem.',62),(95,'voluptatem','Eos ex perspiciatis accusantium nobis possimus. Non sed perferendis nisi et id et eum. Et illo labore rerum maiores ut necessitatibus facere. Blanditiis optio et id qui animi odit.','Wand','Uncommon',7,'Electrum','Natus dolores nihil eaque nemo quae iure.',85),(96,'fugit','Voluptas exercitationem doloremque aut fuga consequuntur. Optio soluta molestiae necessitatibus sit hic quo vitae pariatur. Inventore tenetur quo at consequatur necessitatibus. Corrupti aut pariatur tempora quia consequatur aut.','Weapon','Rare',1,'Electrum','Reprehenderit voluptates facere et itaque dignissimos.',44),(97,'enim','Blanditiis hic sint maxime. Eos est quae sit quas eius cupiditate ullam. Aut soluta ratione qui reprehenderit vel asperiores quidem quia. Suscipit qui est officiis cum dolor et aut porro. Qui qui eum sed molestias cumque.','Wand','Common',3,'Silver','Explicabo iste ut quod repellendus.',87),(98,'aut','Ut quod nostrum non voluptatem quia maiores nobis. Et soluta recusandae qui quae unde unde mollitia sequi. Est perspiciatis esse harum esse. Totam tenetur atque et.','Scroll','Legendary',5,'Platinum','Rem at ut non est enim.',40),(99,'aut','Quo ex ut et itaque. Impedit necessitatibus dolorem pariatur laboriosam. Laborum dolor maiores deserunt omnis nihil. Nemo non harum eum ab consequatur.','Rod','Uncommon',4,'Copper','Provident vel harum cum labore dolores et.',5),(100,'officia','Sed consequatur deserunt natus repellendus dolor illum eum. Quasi debitis non dolor ipsam doloremque. Accusamus ducimus illo quos enim. Eligendi reprehenderit consectetur similique.','Ring','Uncommon',5,'Copper','Consectetur non molestiae maiores qui exercitationem ut.',62);
/*!40000 ALTER TABLE `saved_items` ENABLE KEYS */;
UNLOCK TABLES;

--
-- Table structure for table `user_data`
--

DROP TABLE IF EXISTS `user_data`;
/*!40101 SET @saved_cs_client     = @@character_set_client */;
/*!50503 SET character_set_client = utf8mb4 */;
CREATE TABLE `user_data` (
  `userID` int NOT NULL AUTO_INCREMENT,
  `userPassword` varchar(20) NOT NULL,
  `userType` enum('Admin','Moderator','Standard') NOT NULL,
  `userName` varchar(45) NOT NULL,
  PRIMARY KEY (`userID`),
  UNIQUE KEY `userID_UNIQUE` (`userID`),
  UNIQUE KEY `userName_UNIQUE` (`userName`)
) ENGINE=InnoDB AUTO_INCREMENT=102 DEFAULT CHARSET=utf8mb4 COLLATE=utf8mb4_0900_ai_ci;
/*!40101 SET character_set_client = @saved_cs_client */;

--
-- Dumping data for table `user_data`
--

LOCK TABLES `user_data` WRITE;
/*!40000 ALTER TABLE `user_data` DISABLE KEYS */;
INSERT INTO `user_data` VALUES (1,'e1949e872ad3ff0f260f','Standard','kautzer.alejandrin'),(2,'8779a7b0f098b8475733','Standard','ebert.leonel'),(3,'ee686ed16ee20fda00c6','Admin','xfahey'),(4,'23472d22ad615c1ea7c5','Standard','tkozey'),(5,'de50e77ccbf424f2818d','Admin','wunsch.edyth'),(6,'ead5d2df67fa36557970','Admin','loren31'),(7,'8776e4326edbd4eb64e3','Standard','auer.sheldon'),(8,'484be9f6206f41290433','Admin','chelsea.feeney'),(9,'b6e229fb96eb609f4d52','Standard','kimberly05'),(10,'f8c4093e955ed5a6ba80','Moderator','wendy61'),(11,'352524cf461591a557ed','Admin','xlynch'),(12,'6ea7a03065c5fc6f755c','Standard','marc.hand'),(13,'2aa109f17e687c3b107d','Moderator','schuster.webster'),(14,'1e0c2119476bc5a86c95','Standard','howell.thomas'),(15,'50f254f05554cd6cf125','Moderator','bianka65'),(16,'0e24cfd2b6e4b7f56955','Moderator','kevin.adams'),(17,'bd8f87e2d6c0a000c27e','Moderator','sadie46'),(18,'7bfae813ebb6f03d9706','Standard','quentin.zulauf'),(19,'175ba1d1e36455458e27','Admin','erowe'),(20,'d46f78239d9063a2d03e','Standard','amira.kunze'),(21,'5404eed0886f3b877f44','Moderator','acartwright'),(22,'6fc6197ba82b9ed9372a','Admin','edison.hammes'),(23,'7e83344afeda046099a1','Standard','walter.julio'),(24,'36bbf4e64867987fe111','Standard','wlind'),(25,'bf9da884bac3939d11da','Standard','keara48'),(26,'c314abbb405e9d492008','Admin','colt97'),(27,'7d312ba5a38ef141d635','Moderator','vcartwright'),(28,'b07c19fb22c6f2c0d0de','Moderator','mclaughlin.pink'),(29,'f3b22a633bc7fc8e982a','Admin','rhaley'),(30,'8869c376f3b5a86622b2','Admin','halvorson.tiara'),(31,'f6a196246872b71abb6c','Standard','apouros'),(32,'e36edd91a18c61a12790','Moderator','uwalter'),(33,'c959724aeda4ee60fb13','Standard','rosanna17'),(34,'18aa1ab0fd3f70dfd9c6','Moderator','feil.dolores'),(35,'cba3a9f1b83374a9c073','Standard','satterfield.alex'),(36,'602221af9cedf5357a20','Standard','nicholas.heidenreich'),(37,'92db96c106e9a02321fb','Moderator','kgutkowski'),(38,'65078e37746f069b7cda','Moderator','reilly.elise'),(39,'839a048b0531cf18fe1a','Admin','tkreiger'),(40,'89935f8cc189e7727b7e','Admin','zbernhard'),(41,'dc697c7bff9946a22297','Standard','olittel'),(42,'224a51cc37d42492e6f4','Standard','ispencer'),(43,'587437e6d3a52f1cf749','Standard','felix04'),(44,'fb4ff0740a9522bf99e8','Admin','ubode'),(45,'e4bc8a0dbba542a1b569','Standard','thompson.nedra'),(46,'f40b1920e7f964afa857','Standard','billy.dickens'),(47,'9416f4be9c228d12de54','Admin','ieffertz'),(48,'7a01960291ba5bd292a9','Standard','jennifer.ward'),(49,'314acee22371f1d3c0fd','Moderator','kitty92'),(50,'38e46caf0d020293890b','Admin','oborer'),(51,'b518d3f6f71994448cc6','Moderator','eldon03'),(52,'70ecb4835b029436cb48','Standard','orrin.heidenreich'),(53,'6b7c6018807e5a30c4f3','Moderator','ocie.vandervort'),(54,'456d2d7ded988811d12b','Moderator','trenton52'),(55,'c3a67a82573748faceb0','Standard','darion.crist'),(56,'96e958c57506252d95d1','Moderator','maxie10'),(57,'ea7bbbd69cbe79630b9b','Admin','corkery.jacey'),(58,'bbd7a00ed9cd49c2fa03','Standard','thelma.parisian'),(59,'ff75c24200c0abf2559d','Standard','herminia56'),(60,'ff4e059122d38da5c9bc','Standard','judah08'),(61,'c87eeef0cca564b9fa93','Standard','haven.hessel'),(62,'4c7f16903d3f8ea526cf','Standard','dbarton'),(63,'b919fea7b1d8a356f038','Admin','vilma.brown'),(64,'d9212aa23ec6a8b368e5','Standard','camille.harber'),(65,'a9f5282ac7c5da5b6db2','Moderator','neal31'),(66,'930326d1bef032d0dc8a','Admin','stamm.chance'),(67,'4cd786158ff5b5d230d0','Standard','deanna.bauch'),(68,'bdf87412d786a9c2c53d','Standard','schowalter.myrl'),(69,'5520b00b9904c986e551','Moderator','lstoltenberg'),(70,'c9b63de04cb7d2fca447','Standard','edwina19'),(71,'e2b131e608a4b6df3873','Admin','morar.frieda'),(72,'d98178c15f1d34bb4a3f','Moderator','candelario.satterfield'),(73,'b381d986c5c30457b1fa','Moderator','pat83'),(74,'36dd96b7a7ad01108583','Moderator','wmosciski'),(75,'bb1c1b87d7405ffd7467','Standard','morn'),(76,'93d491adce417cbf27e0','Moderator','vgoldner'),(77,'7ff62c9b46073d466160','Admin','nbergnaum'),(78,'9da1877f415194df0f75','Admin','era74'),(79,'1594d3267a2503a5a63b','Moderator','lindgren.alf'),(80,'da93d4075da87d020958','Admin','aracely54'),(81,'d99f1de99ebcdc7ce9cf','Admin','kenneth.kub'),(82,'7b5571a3c0c051d986c8','Moderator','tatum.abernathy'),(83,'60821a350a3e5b8e050d','Moderator','bridget.gleichner'),(84,'42bc518b77fe11e260c3','Moderator','delbert85'),(85,'dc1f0f5f80bb6c6e7da8','Moderator','robert98'),(86,'ef9aaf3da072563d22b1','Moderator','dschuppe'),(87,'f83052b7905cd58bcae8','Standard','mafalda20'),(88,'b3dd110592b149a68f38','Standard','wwalker'),(89,'6c6838737069d5b37890','Admin','aditya.cummings'),(90,'cea972412545c45cd21d','Standard','jedediah.donnelly'),(91,'014d4aaa0102ac28dce1','Moderator','ygrady'),(92,'7d06b6a3e2aeed37b345','Admin','anibal.lueilwitz'),(93,'951e6a7c1daf7e49db4d','Admin','mills.green'),(94,'ee5e0b03a0a01337789d','Admin','oberbrunner.aron'),(95,'c5fa9327ba84804d6158','Moderator','ibernier'),(96,'a7b564a1a56498200fdf','Standard','walsh.mathias'),(97,'461e5602cb55337a0919','Admin','lubowitz.rashad'),(98,'a38eb730f5a2c049bb5b','Admin','jeanie.hessel'),(99,'83d0e02d6143464c749c','Standard','ruecker.marcelo'),(100,'b45e1471351b335f0ab6','Standard','nienow.celestino'),(101,'password','Admin','test');
/*!40000 ALTER TABLE `user_data` ENABLE KEYS */;
UNLOCK TABLES;
/*!40103 SET TIME_ZONE=@OLD_TIME_ZONE */;

/*!40101 SET SQL_MODE=@OLD_SQL_MODE */;
/*!40014 SET FOREIGN_KEY_CHECKS=@OLD_FOREIGN_KEY_CHECKS */;
/*!40014 SET UNIQUE_CHECKS=@OLD_UNIQUE_CHECKS */;
/*!40101 SET CHARACTER_SET_CLIENT=@OLD_CHARACTER_SET_CLIENT */;
/*!40101 SET CHARACTER_SET_RESULTS=@OLD_CHARACTER_SET_RESULTS */;
/*!40101 SET COLLATION_CONNECTION=@OLD_COLLATION_CONNECTION */;
/*!40111 SET SQL_NOTES=@OLD_SQL_NOTES */;

-- Dump completed on 2024-11-09  5:28:49
